Item_No,Description,Location Code,Stock_Qty,Status
,,,,
,,,,
,,,,
PK-013,No Description,IN_TRANSIT,148000,"50,000 - 200,000"
PK-013,No Description,LF-AND-28,212642,"> 200,000"
PK-013,No Description,LF-VAS-006,532972,"> 200,000"
PK-013,No Description,LH-302-001,4000,"< 50,000"
PK-013,WhatsApp Coupon 5 Points (20*40mm),LF-HAR-E57,55898,"50,000 - 200,000"
PK-013,WhatsApp Coupon 5 Points (20*40mm),LF-VAS-006,23020,"< 50,000"
PK-014,WhatsApp Scratch MCB Coupon 20 points,LF-DEL-01,183000,"50,000 - 200,000"
PK-015,WhatsApp Scratch Socket Coupon 20 points (35*35mm),LF-HAR-E57,47473,"< 50,000"
PK-015,WhatsApp Scratch Socket Coupon 20 points (35*35mm),LF-VAS-006,49116,"< 50,000"
PK-016,Colour Sticker for SmartWood Plates,LF-VAS-006,342,"< 50,000"
PK-023,Common Panni (6x13),LF-HAR-E57,1400,"< 50,000"
PK-031,Soft Batten Holder Jali,LF-HAR-E57,33000,"< 50,000"
PK-054,Ring & Dome Batten Holder Jali,LF-HAR-E57,8000,"< 50,000"
PK-055,No Description,LF-HAR-E57,2205,"< 50,000"
PK-056,No Description,LF-VAS-006,200,"< 50,000"
PK-056,Thermocol 1000x600x40mm,LF-VAS-006,48,"< 50,000"
PK-076,Master Crtn  -  Gold 16A Swt,LF-SIL-017,87,"< 50,000"
PK-076,No Description,LF-SIL-017,257,"< 50,000"
PK-092,Label  -  Gold IC,LF-SIL-017,30,"< 50,000"
PK-092,Label - Gold IC,LF-SIL-017,843,"< 50,000"
PK-092,No Description,LF-SIL-017,34,"< 50,000"
PK-093,Gold Iron Connector Inner,LF-SIL-017,199,"< 50,000"
PK-094,Gold Iron Connector Outer,LF-SIL-017,20,"< 50,000"
PK-094,No Description,LF-SIL-017,124,"< 50,000"
PK-102,No Description,LF-PAL-A03,24000,"< 50,000"
PK-109,Master Crtn  -  Job No.11,LF-HAR-E57,69,"< 50,000"
PK-117,Moulding Panni (11 x 13),LF-HAR-E57,68,"< 50,000"
PK-117,No Description,LF-HAR-E57,330,"< 50,000"
PK-118,Moulding Panni (4 x 4),LF-HAR-E57,398,"< 50,000"
PK-118,No Description,LF-HAR-E57,198,"< 50,000"
PK-119,Moulding Panni (6 x 11),LF-HAR-E57,30,"< 50,000"
PK-119,No Description,LF-HAR-E57,220,"< 50,000"
PK-120,Moulding Panni (6 x 13),LF-HAR-E57,172,"< 50,000"
PK-120,No Description,LF-HAR-E57,214,"< 50,000"
PK-1201,Luxury Swt Panni (70x90),LF-HAR-E57,63000,"50,000 - 200,000"
PK-1203,Luxury Soc Panni (100x100),LF-HAR-E57,67000,"50,000 - 200,000"
PK-1204,Luxury Dimmer Panni (115x125),LF-HAR-E57,3500,"< 50,000"
PK-1205,Luxury 3x1 Panni (175 x 130),LF-HAR-E57,45000,"< 50,000"
PK-1206,Luxury 5x1 Panni (155 x 200),LF-HAR-E57,21500,"< 50,000"
PK-121,Moulding Panni (6 x 7),LF-HAR-E57,190,"< 50,000"
PK-121,No Description,LF-HAR-E57,186,"< 50,000"
PK-122,Moulding Panni (8 x 11),LF-HAR-E57,185,"< 50,000"
PK-122,No Description,LF-HAR-E57,250,"< 50,000"
PK-123,Moulding Panni (8 x 8),LF-HAR-E57,104,"< 50,000"
PK-123,No Description,LF-HAR-E57,250,"< 50,000"
PK-124,Moulding Panni (5 x 6),LF-HAR-E57,190,"< 50,000"
PK-124,No Description,LF-HAR-E57,219,"< 50,000"
PK-1502,Master Ctn  -  Bird,LF-PAL-A03,227,"< 50,000"
PK-1505,Master Ctn  -  Thermo DP,LF-PAL-A03,274,"< 50,000"
PK-1506,Master Ctn  -  Job No.15,LF-HAR-E57,300,"< 50,000"
PK-1506,No Description,LF-HAR-E57,18,"< 50,000"
PK-151,Eco/Dlx DP Master Crtn Thermocol,LF-AND-28,892,"< 50,000"
PK-151,No Description,LF-AND-28,300,"< 50,000"
PK-1511,Master Ctn  -  Job No.8,LF-HAR-E57,267,"< 50,000"
PK-1512,Master Ctn  -  Dome,LF-VAS-006,15,"< 50,000"
PK-1512,No Description,LF-SIL-017,94,"< 50,000"
PK-1513,Master Ctn  -  Job No.16,LF-HAR-E57,235,"< 50,000"
PK-1513,No Description,LF-HAR-E57,355,"< 50,000"
PK-1516,No Description,LF-HAR-E57,178,"< 50,000"
PK-1520,Master Ctn  -  Porc KK 16/240V,LF-SIL-017,1,"< 50,000"
PK-1521,Master Ctn  -  Porc KK 63/415V,LF-SIL-017,100,"< 50,000"
PK-1521,No Description,LF-SIL-017,226,"< 50,000"
PK-1525,No Description,LF-DEL-01,296,"< 50,000"
PK-1529,Master Ctn  -  6A Top,LF-AND-28,67,"< 50,000"
PK-1529,No Description,LF-AND-28,99,"< 50,000"
PK-1542,Master Ctn  -  Double Combine 6A,LF-AND-28,27,"< 50,000"
PK-1542,Master Ctn  -  Double Combine 6A,LF-SIL-017,98,"< 50,000"
PK-1542,No Description,LF-AND-28,53,"< 50,000"
PK-1543,Master Ctn  -  Double Combine 16A,LF-SIL-017,29,"< 50,000"
PK-1543,No Description,LF-AND-28,73,"< 50,000"
PK-1543,No Description,LF-HAR-E57,196,"< 50,000"
PK-1543,No Description,LF-SIL-017,292,"< 50,000"
PK-1551,Master Ctn  -  Old Bag,LF-VAS-006,100,"< 50,000"
PK-1554,Master Ctn  -  RCCB,LF-DEL-01,20,"< 50,000"
PK-1556,Master Ctn  -  DP,LF-AND-28,200,"< 50,000"
PK-1556,Master Ctn  -  DP,LF-SIL-017,102,"< 50,000"
PK-1556,Master Ctn  -  DP,LF-VAS-006,70,"< 50,000"
PK-1556,No Description,LF-SIL-017,94,"< 50,000"
PK-1557,Master Ctn  -  Job No.1 / Wawa,LF-HAR-E57,932,"< 50,000"
PK-1557,Master Ctn  -  Job No.1 / Wawa,LF-SIL-017,90,"< 50,000"
PK-1557,No Description,LF-HAR-E57,349,"< 50,000"
PK-1557,No Description,LF-SIL-017,234,"< 50,000"
PK-1566,No Description,LF-VAS-006,250,"< 50,000"
PK-1570,No Description,LF-VAS-006,345,"< 50,000"
PK-1573,Master Ctn  -  Novel 2pin,LF-SIL-017,22,"< 50,000"
PK-1573,No Description,LF-SIL-017,567,"< 50,000"
PK-1575,Master Ctn  -  Porc KK 32/240V,LF-SIL-017,11,"< 50,000"
PK-1575,No Description,LF-SIL-017,107,"< 50,000"
PK-1576,Master Ctn  -  Porc KK 32/415V,LF-SIL-017,42,"< 50,000"
PK-1576,No Description,LF-SIL-017,203,"< 50,000"
PK-1577,No Description,LF-SIL-017,101,"< 50,000"
PK-1581,Master Ctn  -  1600 Ctn,LF-AND-28,2,"< 50,000"
PK-1581,No Description,LF-AND-28,100,"< 50,000"
PK-1581,No Description,LF-SIL-017,227,"< 50,000"
PK-1583,Master Ctn  -  2x1 Gold,LF-AND-28,55,"< 50,000"
PK-1583,Master Ctn  -  2x1 Gold,LF-SIL-017,280,"< 50,000"
PK-1583,Master Ctn  -  2x1 Gold (535mm x 450mm x 343mm),LF-AND-28,0,"< 50,000"
PK-1583,No Description,LF-SIL-017,704,"< 50,000"
PK-1584,Master Ctn  -  3x1 Box (Size - 565 X 380 X 425 MM),LF-SIL-017,124,"< 50,000"
PK-1584,Master Ctn  -  3x1 Box (Size - 565 X 380 X 452 MM),LF-AND-28,108,"< 50,000"
PK-1584,No Description,LF-AND-28,127,"< 50,000"
PK-1584,No Description,LF-SIL-017,1604,"< 50,000"
PK-1585,No Description,LF-AND-28,96,"< 50,000"
PK-1585,No Description,LF-SIL-017,166,"< 50,000"
PK-1586,Master Ctn  -  Gold 5*1 Box (655 X 390 X 455 MM),LF-AND-28,87,"< 50,000"
PK-1586,Master Ctn  -  Gold 5*1 Box (655 X 390 X 455 MM),LF-SIL-017,76,"< 50,000"
PK-1586,No Description,LF-AND-28,38,"< 50,000"
PK-1586,No Description,LF-SIL-017,508,"< 50,000"
PK-1587,Master Ctn  -  Bed Swt,LF-AND-28,37,"< 50,000"
PK-1601,Hologram for Piece,LF-AND-28,1484243,"> 200,000"
PK-1601,Hologram for Piece,LF-DEL-01,2183597,"> 200,000"
PK-1601,Hologram for Piece,LF-HAR-E57,8762715,"> 200,000"
PK-1601,Hologram for Piece,LF-PAL-A03,436592,"> 200,000"
PK-1601,Hologram for Piece,LF-SIL-017,1818416,"> 200,000"
PK-1601,Hologram for Piece,LF-VAS-006,2720616,"> 200,000"
PK-1601,No Description,LF-AND-28,4324902,"> 200,000"
PK-1601,No Description,LF-PAL-A03,2700000,"> 200,000"
PK-1601,No Description,LF-SIL-017,2700000,"> 200,000"
PK-1602,Hologram for Outer,LF-AND-28,563187,"> 200,000"
PK-1602,Hologram for Outer,LF-HAR-E57,298800,"> 200,000"
PK-178,Soft Holder Partition,LF-HAR-E57,5300,"< 50,000"
PK-191,Foam (MCB 4x1 With Box),LF-HAR-E57,4700,"< 50,000"
PK-222,Lamp Holder Panni (Size  -  130mm x 140mm),LF-HAR-E57,29699,"< 50,000"
PK-222,No Description,LF-HAR-E57,204400,"> 200,000"
PK-229,No Description,LF-HAR-E57,37171,"< 50,000"
PK-231,No Description,IN_TRANSIT,452760,"> 200,000"
PK-231,No Description,LF-AND-28,94890,"50,000 - 200,000"
PK-231,No Description,LH-302-001,132240,"50,000 - 200,000"
PK-231,WhatsApp Coupon 2 Points (20*40mm),LF-HAR-E57,51520,"50,000 - 200,000"
PK-231,WhatsApp Coupon 2 Points (20*40mm),LF-VAS-006,105000,"50,000 - 200,000"
PK-231,WhatsApp Coupon 2 Points (20*40mm),LH-302-001,643740,"> 200,000"
PK-232,Foam (3x1) J Box,LF-SIL-017,11604,"< 50,000"
PK-232,No Description,LF-AND-28,26050,"< 50,000"
PK-232,No Description,LF-SIL-017,40256,"< 50,000"
PK-234,No Description,LF-AND-28,204,"< 50,000"
PK-239,No Description,LH-302-001,258000,"> 200,000"
PK-239,WhatsApp Scratch Coupon 10 points (35*35mm),LF-AND-28,800,"< 50,000"
PK-239,WhatsApp Scratch Coupon 10 points (35*35mm),LF-HAR-E57,218610,"> 200,000"
PK-239,WhatsApp Scratch Coupon 10 points (35*35mm),LF-VAS-006,8000,"< 50,000"
PK-240,No Description,IN_TRANSIT,8000,"< 50,000"
PK-240,WhatsApp Scratch Coupon 50 points (35*35mm),LF-AND-28,64000,"50,000 - 200,000"
PK-240,WhatsApp Scratch Coupon 50 points (35*35mm),LF-HAR-E57,9485,"< 50,000"
PK-251,Foam (5x1),LF-AND-28,167,"< 50,000"
PK-251,No Description,LF-AND-28,7593,"< 50,000"
PK-251,No Description,LF-SIL-017,13650,"< 50,000"
PK-253,No Description,LF-AND-28,3215,"< 50,000"
PK-254,DC 16A Foam,LF-SIL-017,13717,"< 50,000"
PK-254,No Description,LF-AND-28,4409,"< 50,000"
PK-254,No Description,LF-HAR-E57,5318,"< 50,000"
PK-254,No Description,LF-SIL-017,2676,"< 50,000"
PK-255,No Description,LF-AND-28,9425,"< 50,000"
PK-255,No Description,LF-SIL-017,32330,"< 50,000"
PK-256,No Description,LF-DEL-01,1823,"< 50,000"
PK-256,RCCB DP Foam,LF-DEL-01,1811,"< 50,000"
PK-257,No Description,LF-DEL-01,144,"< 50,000"
PK-257,RCCB FP Foam,LF-DEL-01,239,"< 50,000"
PK-259,No Description,LF-VAS-006,31400,"< 50,000"
PK-260,No Description,LF-SIL-017,12526,"< 50,000"
PK-260,Porc 100A KK Thermocol Top Bottom Set,LF-SIL-017,1269,"< 50,000"
PK-262,No Description,LF-AND-28,302,"< 50,000"
PK-262,No Description,LF-HAR-E57,500,"< 50,000"
PK-262,Thermocol (For 3x1 Box Master Ctn Set),LF-HAR-E57,154,"< 50,000"
PK-263,No Description,LF-AND-28,179,"< 50,000"
PK-263,Thermocol (For 5x1 Master Ctn Set),LF-AND-28,502,"< 50,000"
PK-264,No Description,LF-VAS-006,25,"< 50,000"
PK-266,No Description,LF-AND-28,1590,"< 50,000"
PK-266,Thermocol for Outer (DC 6A),LF-AND-28,890,"< 50,000"
PK-267,No Description,LF-AND-28,3665,"< 50,000"
PK-267,No Description,LF-SIL-017,4000,"< 50,000"
PK-267,Thermocol for Outer (DC 16A),LF-SIL-017,6472,"< 50,000"
PK-269,No Description,LF-SIL-017,985,"< 50,000"
PK-269,Thermocol (For DC 16A Master Ctn),LF-AND-28,0,"< 50,000"
PK-269,Thermocol (For DC 16A Master Ctn),LF-SIL-017,1128,"< 50,000"
PK-271,No Description,LF-SIL-017,3120,"< 50,000"
PK-271,Thermocol (Surf DP),LF-SIL-017,2429,"< 50,000"
PK-272,No Description,LF-SIL-017,1300,"< 50,000"
PK-272,Thermocol (Flush DP),LF-SIL-017,6250,"< 50,000"
PK-273,No Description,LF-HAR-E57,15000,"< 50,000"
PK-285,Wawa 5x1 Foam,LF-HAR-E57,5100,"< 50,000"
PK-291,No Description,LF-SIL-017,612,"< 50,000"
PK-291,Porc KK Thermocol Set for 63/240V,LF-SIL-017,1939,"< 50,000"
PK-299,Sheet Thermocol for Master Ctn,LF-PAL-A03,500,"< 50,000"
PK-301,No Description,LF-SIL-017,40,"< 50,000"
PK-301,Porc 16/240V KK Thermocol Set for Master Ctn,LF-SIL-017,30,"< 50,000"
PK-302,No Description,LF-SIL-017,52,"< 50,000"
PK-302,Porc 32/240V KK Thermocol Set for Master Ctn,LF-SIL-017,38,"< 50,000"
PK-303,No Description,LF-SIL-017,105,"< 50,000"
PK-303,Porc 32/415V KK Thermocol Set for Master Ctn,LF-SIL-017,17,"< 50,000"
PK-304,Porc 63/415V KK Thermocol Set for Master Ctn,LF-SIL-017,52,"< 50,000"
PK-305,No Description,LF-SIL-017,42,"< 50,000"
PK-305,Porc 100/415V KK Thermocol Set for Master Ctn,LF-SIL-017,47,"< 50,000"
PK-501,Common Panni (2.5x4),LF-HAR-E57,40800,"< 50,000"
PK-505,Common Panni (4.5x5),LF-SIL-017,37812,"< 50,000"
PK-505,No Description,LF-HAR-E57,55125,"50,000 - 200,000"
PK-508,Common Panni (4x4),LF-HAR-E57,58303,"50,000 - 200,000"
PK-513,No Description,LF-SIL-017,20000,"< 50,000"
PK-514,Common Panni (4.5x6),LF-DEL-01,26890,"< 50,000"
PK-514,Common Panni (4.5x6),LF-SIL-017,60000,"50,000 - 200,000"
PK-514,No Description,LF-SIL-017,60000,"50,000 - 200,000"
PK-523,Common Panni (6x11),LF-HAR-E57,78000,"50,000 - 200,000"
PK-657,No Description,LF-PAL-A03,106,"< 50,000"
PK-750,No Description,LF-PAL-A03,500,"< 50,000"
PK-974,Wawa DC 6/16A Foam For Outer (390*170*8mm),LF-HAR-E57,360,"< 50,000"
PK-975,Wawa DC 6/16A Foam For Inner (165*75*10mm),LF-HAR-E57,900,"< 50,000"
PK-I-1016,Jazz Swt Inner,LF-AND-28,451,"< 50,000"
PK-I-1016,No Description,IN_TRANSIT,5320,"< 50,000"
PK-I-1016,No Description,LF-AND-28,5000,"< 50,000"
PK-I-1046,No Description,LF-SIL-017,10649,"< 50,000"
PK-I-1061,No Description,LF-AND-28,50000,"< 50,000"
PK-I-1061,No Description,LF-SIL-017,41800,"< 50,000"
PK-I-1061,Super Swt Inner,LF-AND-28,2719,"< 50,000"
PK-I-1091,Ticino Inner,LF-SIL-017,15000,"< 50,000"
PK-I-1441,Relax Bed Swt Inner,LF-HAR-E57,48000,"< 50,000"
PK-I-1451,Gold Hanging Bed Switch Inner,LF-AND-28,8376,"< 50,000"
PK-I-1451,No Description,LF-AND-28,14400,"< 50,000"
PK-I-14903,Hi Glass 3M Inner,LF-VAS-006,504,"< 50,000"
PK-I-14904,Hi Glass 4M Inner,LF-VAS-006,191,"< 50,000"
PK-I-14906,Hi Glass 6M Inner,LF-VAS-006,156,"< 50,000"
PK-I-14909,Hi Glass 8Sq Inner,LF-VAS-006,362,"< 50,000"
PK-I-1491,Gold 16A Swt Inner,LF-SIL-017,9900,"< 50,000"
PK-I-1491,No Description,LF-SIL-017,130,"< 50,000"
PK-I-14912,Hi Glass 12M Inner,LF-VAS-006,471,"< 50,000"
PK-I-1621,Gold 3pin Socket Inner,LF-SIL-017,141889,"50,000 - 200,000"
PK-I-1621,No Description,LF-AND-28,15082,"< 50,000"
PK-I-1621,No Description,LF-SIL-017,31104,"< 50,000"
PK-I-1686,Gold 16A Soc Inner,LF-HAR-E57,21000,"< 50,000"
PK-I-1686,Gold 16A Soc Inner,LF-SIL-017,20740,"< 50,000"
PK-I-1686,No Description,LF-SIL-017,9000,"< 50,000"
PK-I-1831,Gold Ind Inner,LF-SIL-017,18000,"< 50,000"
PK-I-1831,No Description,LF-SIL-017,100,"< 50,000"
PK-I-1861,Gold KK Inner,LF-SIL-017,8900,"< 50,000"
PK-I-1861,No Description,LF-SIL-017,100,"< 50,000"
PK-I-1916,No Description,LF-SIL-017,11200,"< 50,000"
PK-I-1926,No Description,LF-SIL-017,18800,"< 50,000"
PK-I-1936,No Description,LF-SIL-017,4141,"< 50,000"
PK-I-1936,Porc KK 63/415 Inner,LF-SIL-017,5919,"< 50,000"
PK-I-1951,No Description,LF-HAR-E57,16800,"< 50,000"
PK-I-1961,No Description,LF-HAR-E57,21000,"< 50,000"
PK-I-1971,No Description,LF-SIL-017,295,"< 50,000"
PK-I-1971,Sonic 16A Plug Top Inner,LF-SIL-017,76,"< 50,000"
PK-I-1986,Dlx 6A Top Inner,LF-SIL-017,1604,"< 50,000"
PK-I-1986,No Description,LF-AND-28,32279,"< 50,000"
PK-I-1986,No Description,LF-SIL-017,47937,"< 50,000"
PK-I-1991,No Description,LF-AND-28,20829,"< 50,000"
PK-I-1991,No Description,LF-SIL-017,17475,"< 50,000"
PK-I-2191,No Description,LF-SIL-017,25000,"< 50,000"
PK-I-2191,Single Adapter Inner,LF-SIL-017,12114,"< 50,000"
PK-I-2211,Gold 4x1 Box Inner,LF-SIL-017,6237,"< 50,000"
PK-I-2246,No Description,LF-AND-28,5380,"< 50,000"
PK-I-2251,Gold 3x1 Box Inner,LF-HAR-E57,28823,"< 50,000"
PK-I-2251,Gold 3x1 Box Inner,LF-SIL-017,16315,"< 50,000"
PK-I-2251,No Description,LF-AND-28,18441,"< 50,000"
PK-I-2251,No Description,LF-SIL-017,6075,"< 50,000"
PK-I-23106,Assure MCB SP Inner,LF-DEL-01,8232,"< 50,000"
PK-I-23206,Assure MCB SPN Inner,LF-DEL-01,5346,"< 50,000"
PK-I-23206,No Description,LF-DEL-01,12090,"< 50,000"
PK-I-23306,Assure MCB DP Inner,LF-DEL-01,17408,"< 50,000"
PK-I-23406,Assure MCB TP Inner,LF-DEL-01,2380,"< 50,000"
PK-I-23506,Assure MCB TPN Inner,LF-DEL-01,5337,"< 50,000"
PK-I-2351,No Description,LF-AND-28,3150,"< 50,000"
PK-I-2351,No Description,LF-SIL-017,50,"< 50,000"
PK-I-2356,Gold 5x1 Box Inner,LF-AND-28,5370,"< 50,000"
PK-I-2356,Gold 5x1 Box Inner,LF-SIL-017,645,"< 50,000"
PK-I-2356,No Description,LF-AND-28,5000,"< 50,000"
PK-I-2356,No Description,LF-SIL-017,10000,"< 50,000"
PK-I-23606,Assure MCB FP Inner,LF-DEL-01,3357,"< 50,000"
PK-I-2376,Tiny DP Inner,LF-AND-28,2420,"< 50,000"
PK-I-2401,Eco DP Inner,LF-HAR-E57,5700,"< 50,000"
PK-I-2406,No Description,LF-AND-28,7446,"< 50,000"
PK-I-2406,No Description,LF-SIL-017,8430,"< 50,000"
PK-I-24725,RCCB DP Inner For Assure,LF-DEL-01,9079,"< 50,000"
PK-I-24840,RCCB FP Inner For Assure,LF-DEL-01,2771,"< 50,000"
PK-I-25225,Assure Changeover DP Inner,LF-DEL-01,7354,"< 50,000"
PK-I-25425,Changeover FP Inner For Assure,LF-DEL-01,2800,"< 50,000"
PK-I-2711,MCB 4x1 Box Inner,LF-HAR-E57,8400,"< 50,000"
PK-I-3051,Surf Dim 400W / Surface Step Reg Inner,LF-AND-28,600,"< 50,000"
PK-I-3076,Big Boss 400W / 600W Inner,LF-AND-28,2690,"< 50,000"
PK-I-3086,Metal 1000W / 2000W Inner,LF-AND-28,2670,"< 50,000"
PK-I-3106,No Description,LF-DEL-01,50400,"50,000 - 200,000"
PK-I-3106,Triprite MCB SP Inner,LF-DEL-01,25727,"< 50,000"
PK-I-3196,Gold Mini Dim Inner,LF-SIL-017,9600,"< 50,000"
PK-I-3196,No Description,LF-SIL-017,25600,"< 50,000"
PK-I-3206,Triprite MCB DP Inner,LF-DEL-01,3838,"< 50,000"
PK-I-3306,Triprite MCB TP Inner,LF-DEL-01,7945,"< 50,000"
PK-I-3406,No Description,LF-DEL-01,32,"< 50,000"
PK-I-3406,Triprite MCB FP Inner,LF-DEL-01,2758,"< 50,000"
PK-I-3506,Triprite MCB SPN Inner,LF-DEL-01,15260,"< 50,000"
PK-I-3606,Triprite MCB TPN Inner,LF-DEL-01,1727,"< 50,000"
PK-I-4096,Slim MCB SP Inner,LF-HAR-E57,9800,"< 50,000"
PK-I-4291,DC 6A With Box Inner,LF-AND-28,790,"< 50,000"
PK-I-4291,No Description,LF-AND-28,4525,"< 50,000"
PK-I-4296,No Description,LF-AND-28,7921,"< 50,000"
PK-I-4296,No Description,LF-SIL-017,5785,"< 50,000"
PK-I-4306,MCB Surf DP Inner,LF-HAR-E57,3990,"< 50,000"
PK-I-4346,Lite 3*1 Combine Inner,LF-HAR-E57,47271,"< 50,000"
PK-I-4366,No Description,IN_TRANSIT,3100,"< 50,000"
PK-I-4366,No Description,LF-SIL-017,400,"< 50,000"
PK-I-4371,Lite 6A Double Combine Box Inner,LF-SIL-017,36,"< 50,000"
PK-I-4371,No Description,IN_TRANSIT,4100,"< 50,000"
PK-I-4376,No Description,LF-HAR-E57,1000,"< 50,000"
PK-I-4381,Lite Combine 6/16A with Box Inner,LF-SIL-017,17378,"< 50,000"
PK-I-4381,No Description,LF-SIL-017,19911,"< 50,000"
PK-I-4625,No Description,LF-DEL-01,19618,"< 50,000"
PK-I-4740,Changeover FP Inner For Triprite,LF-DEL-01,7187,"< 50,000"
PK-I-5075,TriSafe+ Wire 0.75mm Inner,LF-HAR-E57,1650,"< 50,000"
PK-I-5100,TriSafe+ Wire 1mm Inner,LF-HAR-E57,1000,"< 50,000"
PK-I-5150,TriSafe+ Wire 1.5mm Inner,LF-HAR-E57,2430,"< 50,000"
PK-I-5225,RCCB DP Inner For Triprite,LF-DEL-01,7363,"< 50,000"
PK-I-5250,TriSafe+ Wire 2.5mm Inner,LF-HAR-E57,1225,"< 50,000"
PK-I-5540,RCCB FP Inner For Triprite,LF-DEL-01,12000,"< 50,000"
PK-I-5600,TriSafe+ Wire 6mm Inner,LF-HAR-E57,141,"< 50,000"
PK-I-7061,Style Med Dimmer Inner,LF-HAR-E57,25000,"< 50,000"
PK-I-7075,Eco - FR 075mm Wire 90mtr Inner,LF-HAR-E57,2355,"< 50,000"
PK-I-7100,Eco - FR 100mm Wire 90mtr Inner,LF-HAR-E57,2611,"< 50,000"
PK-I-7150,Eco - FR 150mm Wire 90mtr Inner,LF-HAR-E57,2826,"< 50,000"
PK-I-7400,Eco - FR 400mm Wire 90mtr Inner,LF-HAR-E57,150,"< 50,000"
PK-I-7600,Eco - FR 600mm Wire 90mtr Inner,LF-HAR-E57,292,"< 50,000"
PK-I-9001,No Description,LF-HAR-E57,73620,"50,000 - 200,000"
PK-I-9001,No Description,LF-SIL-017,25780,"< 50,000"
PK-I-9016,No Description,LF-HAR-E57,14820,"< 50,000"
PK-I-9016,No Description,LF-SIL-017,9106,"< 50,000"
PK-I-9016,Wawa 3pin Socket Inner,LF-SIL-017,6324,"< 50,000"
PK-I-9146,No Description,LF-HAR-E57,14680,"< 50,000"
PK-I-9216,No Description,LF-HAR-E57,10000,"< 50,000"
PK-I-9226,Wawa 3x1 Inner,LF-HAR-E57,4500,"< 50,000"
PK-I-9236,No Description,LF-HAR-E57,4825,"< 50,000"
PK-I-9236,No Description,LF-SIL-017,10665,"< 50,000"
PK-I-9236,Wawa 3x1 Box Inner,LF-SIL-017,1096,"< 50,000"
PK-I-9301,Status 2 pin Inner,LF-HAR-E57,58875,"50,000 - 200,000"
PK-I-9316,No Description,LF-SIL-017,56387,"50,000 - 200,000"
PK-I-9786,Modular Power Box Inner,LF-HAR-E57,1400,"< 50,000"
PK-L-10106,No Description,LF-HAR-E57,5977,"< 50,000"
PK-L-10110,No Description,LF-HAR-E57,6000,"< 50,000"
PK-L-10116,No Description,LF-HAR-E57,6000,"< 50,000"
PK-L-10120,No Description,LF-HAR-E57,6000,"< 50,000"
PK-L-10125,No Description,LF-HAR-E57,6000,"< 50,000"
PK-L-10132,Status 32A SP MCB Label,LF-HAR-E57,1600,"< 50,000"
PK-L-10232,No Description,LF-HAR-E57,3000,"< 50,000"
PK-L-10232,Status 32A DP MCB Label,LF-HAR-E57,706,"< 50,000"
PK-L-14006,Platinum 2way Swt Label,LF-HAR-E57,479,"< 50,000"
PK-L-14011,No Description,LF-HAR-E57,50,"< 50,000"
PK-L-14021,No Description,LF-HAR-E57,800,"< 50,000"
PK-L-14036,No Description,LF-HAR-E57,500,"< 50,000"
PK-L-14041,No Description,LF-HAR-E57,1200,"< 50,000"
PK-L-14086,Label - Platinum 5step Regulator,LF-HAR-E57,760,"< 50,000"
PK-L-14091,Platinum Ind Label,LF-HAR-E57,1869,"< 50,000"
PK-L-14096,Label - Platinum Blank Plate,LF-HAR-E57,1980,"< 50,000"
PK-L-14101,No Description,LF-HAR-E57,500,"< 50,000"
PK-L-14106,Platinum TV Soc Label,LF-HAR-E57,245,"< 50,000"
PK-L-14111,No Description,LF-HAR-E57,500,"< 50,000"
PK-L-14116,Label - Platinum Cat 5 Socket,LF-HAR-E57,500,"< 50,000"
PK-L-14121,Label - Platinum Cat 6 Socket,LF-HAR-E57,500,"< 50,000"
PK-L-14131,Label - Platinum Motor Starter 25A,LF-HAR-E57,100,"< 50,000"
PK-L-14131,No Description,LF-HAR-E57,900,"< 50,000"
PK-L-14136,Label - Platinum D.P.With Key Card 32A,LF-HAR-E57,50,"< 50,000"
PK-L-14136,No Description,LF-HAR-E57,450,"< 50,000"
PK-L-14141,Label - Platinum Only Hotel Key Card,LF-HAR-E57,500,"< 50,000"
PK-L-14146,Label - Platinum Led Night Lamp,LF-HAR-E57,200,"< 50,000"
PK-L-14151,Label - Platinum Led Foot Lamp,LF-HAR-E57,150,"< 50,000"
PK-L-14156,Label - Platinum Movement Sensor,LF-HAR-E57,250,"< 50,000"
PK-L-14171,Label - Platinum Universal Raised Socket 6/16A,LF-HAR-E57,230,"< 50,000"
PK-L-14181,Label - Platinum Electronics Buzzer,LF-HAR-E57,500,"< 50,000"
PK-L-14201,Label - LINE 1WAY SWITCH 10A,LF-HAR-E57,2950,"< 50,000"
PK-L-14206,Line 2way Swt Label,LF-HAR-E57,475,"< 50,000"
PK-L-14211,No Description,LF-HAR-E57,300,"< 50,000"
PK-L-14216,Line 20A 1way Swt Label,LF-HAR-E57,500,"< 50,000"
PK-L-14216,No Description,LF-HAR-E57,700,"< 50,000"
PK-L-14221,No Description,LF-HAR-E57,100,"< 50,000"
PK-L-14251,Deep 10A Swt Label,LF-HAR-E57,2102,"< 50,000"
PK-L-14256,No Description,LF-HAR-E57,200,"< 50,000"
PK-L-14261,Deep Bell Push Label,LF-HAR-E57,500,"< 50,000"
PK-L-14261,No Description,LF-HAR-E57,200,"< 50,000"
PK-L-14266,Deep 20A Swt Label,LF-HAR-E57,1552,"< 50,000"
PK-L-14271,Deep 20A 2 way Swt Label,LF-HAR-E57,431,"< 50,000"
PK-L-14276,No Description,LF-HAR-E57,50,"< 50,000"
PK-L-14281,No Description,LF-HAR-E57,50,"< 50,000"
PK-L-14401,No Description,LF-HAR-E57,50,"< 50,000"
PK-L-14516,No Description,LF-HAR-E57,30,"< 50,000"
PK-L-14525,No Description,LF-HAR-E57,20,"< 50,000"
PK-L-14601,Label - Platinum 1M Plate,LF-HAR-E57,200,"< 50,000"
PK-L-14632,No Description,LF-HAR-E57,100,"< 50,000"
PK-L-14801,Label - Option 1m Plate,LF-HAR-E57,50,"< 50,000"
PK-L-14908,Hi Glass 8H Label,LF-VAS-006,1,"< 50,000"
PK-L-14909,Hi Glass 8Sq Label,LF-VAS-006,2,"< 50,000"
PK-L-14918,Hi Glass 18M Label,LF-VAS-006,0,"< 50,000"
PK-L-18001,Label  -  Estella 1way Switch 6A,LF-VAS-006,886,"< 50,000"
PK-L-18001,No Description,LF-VAS-006,0,"< 50,000"
PK-L-18006,No Description,LF-VAS-006,0,"< 50,000"
PK-L-18016,Label  -  Estella 16A Swt with Ind,LF-VAS-006,7200,"< 50,000"
PK-L-18061,No Description,LF-VAS-006,0,"< 50,000"
PK-L-18066,Label  -  Estella 16A Soc,LF-VAS-006,31,"< 50,000"
PK-L-18071,Label  - Estella 3 pin soc 6A With Shutter,LF-VAS-006,343,"< 50,000"
PK-L-18071,No Description,LF-VAS-006,0,"< 50,000"
PK-L-18076,No Description,LF-VAS-006,5974,"< 50,000"
PK-L-18091,Label  -  Estella Blue Led Indicator,LF-VAS-006,13,"< 50,000"
PK-L-18096,Label  -  Estella Blank Plate,LF-VAS-006,971,"< 50,000"
PK-L-18096,No Description,LF-VAS-006,6300,"< 50,000"
PK-L-18126,No Description,LF-VAS-006,1000,"< 50,000"
PK-L-18416,Label  -  Estella MCB SP 16A,LF-VAS-006,874,"< 50,000"
PK-L-18532,Label  -  Estella MCB 32A Dp,LF-VAS-006,26,"< 50,000"
PK-L-18609,Label - Estella 8sqM Colour Plate,LF-VAS-006,700,"< 50,000"
PK-L-1896,Label  -  Mega Industrial Tester,LF-PAL-A03,120,"< 50,000"
PK-L-1896,No Description,LF-PAL-A03,200,"< 50,000"
PK-L-19006,Label  -  Estella 2way Switch 6A,LF-VAS-006,998,"< 50,000"
PK-L-19011,No Description,LF-VAS-006,645,"< 50,000"
PK-L-19016,Label  -  Estella 1way Switch 16A with ind,LF-VAS-006,508,"< 50,000"
PK-L-19016,No Description,LF-VAS-006,6300,"< 50,000"
PK-L-19036,No Description,LF-VAS-006,0,"< 50,000"
PK-L-1906,Label  -  Great Tester,LF-PAL-A03,408,"< 50,000"
PK-L-1906,No Description,LF-PAL-A03,200,"< 50,000"
PK-L-19061,No Description,LF-VAS-006,0,"< 50,000"
PK-L-19076,No Description,LF-VAS-006,4200,"< 50,000"
PK-L-19086,Label  -  Estella Medium Step Fan Regulator,LF-VAS-006,242,"< 50,000"
PK-L-19096,Label  -  Estella Blank Plate,LF-VAS-006,2976,"< 50,000"
PK-L-19096,No Description,LF-VAS-006,2000,"< 50,000"
PK-L-1911,Label  -  Porcelain Kk Fuse 16/240V,LF-SIL-017,100,"< 50,000"
PK-L-19121,No Description,LF-VAS-006,1,"< 50,000"
PK-L-19126,No Description,LF-VAS-006,1000,"< 50,000"
PK-L-19151,Label  -  Estella 25A Motor Starter (Grey),LF-VAS-006,50,"< 50,000"
PK-L-1916,Label  -  Porcelain Kk Fuse 32/240V,LF-SIL-017,500,"< 50,000"
PK-L-1916,No Description,LF-SIL-017,137,"< 50,000"
PK-L-1926,Label  -  Porcelain Kk Fuse 32/415V,LF-SIL-017,1000,"< 50,000"
PK-L-1926,No Description,LF-SIL-017,1002,"< 50,000"
PK-L-1936,Label  -  Porcelain Kk Fuse 63/415V,LF-SIL-017,128,"< 50,000"
PK-L-1936,No Description,LF-SIL-017,1000,"< 50,000"
PK-L-19410,Label  -  Estella 10A SP MCB (Grey),LF-VAS-006,733,"< 50,000"
PK-L-19410,No Description,LF-VAS-006,0,"< 50,000"
PK-L-19425,No Description,LF-VAS-006,0,"< 50,000"
PK-L-19432,Label  -  Estella 32A SP MCB (Grey),LF-VAS-006,700,"< 50,000"
PK-L-19501,Label  -  Estella 1M Plate,LF-VAS-006,402,"< 50,000"
PK-L-19501,No Description,LF-VAS-006,1050,"< 50,000"
PK-L-19502,Label  -  Estella 2M Plate,LF-VAS-006,230,"< 50,000"
PK-L-19502,No Description,LF-VAS-006,4200,"< 50,000"
PK-L-19503,Label  -  Estella 3M Plate,LF-VAS-006,2704,"< 50,000"
PK-L-19503,No Description,LF-VAS-006,3150,"< 50,000"
PK-L-19504,Label  -  Estella 4M Plate,LF-VAS-006,644,"< 50,000"
PK-L-19506,Label  -  Estella 6M Plate,LF-VAS-006,1186,"< 50,000"
PK-L-19508,Label  -  Estella 8HM Plate,LF-VAS-006,1977,"< 50,000"
PK-L-19509,Label  -  Estella 8sqM Plate,LF-VAS-006,1006,"< 50,000"
PK-L-19512,Label  -  Estella 12M Plate,LF-VAS-006,2421,"< 50,000"
PK-L-19516,Label  -  Estella 16M Plate,LF-VAS-006,725,"< 50,000"
PK-L-19518,Label  -  Estella 18M Plate,LF-VAS-006,938,"< 50,000"
PK-L-19532,Label  -  Estella 32A DP MCB (Grey),LF-VAS-006,100,"< 50,000"
PK-L-1956,"Label  -  Round Surface Plate 6""",LF-PAL-A03,200,"< 50,000"
PK-L-1956,No Description,LF-PAL-A03,300,"< 50,000"
PK-L-1956,No Description,LF-VAS-006,1200,"< 50,000"
PK-L-19708,Label  -  Marvel 8M Hor.Colour Plate,LF-VAS-006,1591,"< 50,000"
PK-L-19910,Label  -  Posh 10M Plate,LF-VAS-006,120,"< 50,000"
PK-L-2041,Label  -  Sharp Single Light,LF-PAL-A03,440,"< 50,000"
PK-L-2041,No Description,LF-PAL-A03,200,"< 50,000"
PK-L-21006,Label - Teron 2way Switch,LF-HAR-E57,6037,"< 50,000"
PK-L-2101,Label  -  Strip Connector 12W,LF-PAL-A03,40,"< 50,000"
PK-L-2101,No Description,LF-PAL-A03,250,"< 50,000"
PK-L-21011,Label - Teron Bell Push Switch,LF-HAR-E57,2000,"< 50,000"
PK-L-21016,Label  -  Teron 1way Switch 16A,LF-HAR-E57,53,"< 50,000"
PK-L-21016,Label - Teron 1way Switch 16A,LF-HAR-E57,2807,"< 50,000"
PK-L-21021,Label - Teron 16A 2way Switch Base,LF-HAR-E57,2120,"< 50,000"
PK-L-21026,No Description,LF-HAR-E57,300,"< 50,000"
PK-L-21036,Label - Teron 3Pin Socket 6A,LF-HAR-E57,4730,"< 50,000"
PK-L-21041,Label - Teron Universal Socket 6/16A,LF-HAR-E57,4622,"< 50,000"
PK-L-21056,Label - Teron Blank Plate,LF-HAR-E57,4840,"< 50,000"
PK-L-21061,Label - Teron Neon Indicator,LF-HAR-E57,3376,"< 50,000"
PK-L-21066,Label - Teron Mini Dimmer Plate,LF-HAR-E57,515,"< 50,000"
PK-L-21076,Label - Teron Medium Step Fan Regulator,LF-HAR-E57,231,"< 50,000"
PK-L-21081,Label - Teron TV Socket,LF-HAR-E57,1000,"< 50,000"
PK-L-21086,Label - Teron Tel Jack,LF-HAR-E57,1000,"< 50,000"
PK-L-21091,Label - Teron USB Charger,LF-HAR-E57,681,"< 50,000"
PK-L-21096,Label - Teron Night Lamp,LF-HAR-E57,700,"< 50,000"
PK-L-21110,Label - Teron MCB 10A SP,LF-HAR-E57,1840,"< 50,000"
PK-L-21116,Label - Teron MCB 16A SP,LF-HAR-E57,1850,"< 50,000"
PK-L-21125,Label - Teron MCB 25A SP,LF-HAR-E57,1724,"< 50,000"
PK-L-21132,Label - Teron MCB 32A SP,LF-HAR-E57,1950,"< 50,000"
PK-L-21232,Label - Teron MCB 32A DP,LF-HAR-E57,1892,"< 50,000"
PK-L-21501,Label - Broad 1way Switch 6A,LF-HAR-E57,3483,"< 50,000"
PK-L-21506,Label - Broad 2way Switch 6A,LF-HAR-E57,2500,"< 50,000"
PK-L-21511,Label - Broad Bell Push 6A,LF-HAR-E57,1200,"< 50,000"
PK-L-21516,Label - Broad 1way Switch 16A,LF-HAR-E57,2971,"< 50,000"
PK-L-21521,Label - Broad 2way Switch 16A,LF-HAR-E57,2500,"< 50,000"
PK-L-22001,Label  -  Flat 1w Switch 6A (Grey),LF-HAR-E57,21000,"< 50,000"
PK-L-22006,Label  -  Flat 2w Switch 6A (Grey),LF-HAR-E57,4500,"< 50,000"
PK-L-22011,Label - Flat Bell Push 6A (Grey),LF-HAR-E57,1000,"< 50,000"
PK-L-22016,Label  -  Flat 1w Switch 16A (Grey),LF-HAR-E57,5000,"< 50,000"
PK-L-22021,FLAT 2 WAY SWITCH 16A GREY LABEL,LF-HAR-E57,867,"< 50,000"
PK-L-22026,Label  - Flat Dura Bell Push 6A (With Indicator) (Grey),LF-HAR-E57,5522,"< 50,000"
PK-L-22031,FLAT DUAL D.P. SWT WITH IND. GREY LABEL,LF-HAR-E57,900,"< 50,000"
PK-L-22036,Label  -  Status 3pin Socket 6A (Grey),LF-HAR-E57,15887,"< 50,000"
PK-L-22041,Label  -  Status Universal Socket 6/16A (Grey),LF-HAR-E57,5000,"< 50,000"
PK-L-22051,COMBO USB CHARGER SOCKET 2.2A GREY LABEL,LF-HAR-E57,922,"< 50,000"
PK-L-22061,Label  -  Status Neon Indicator (Grey),LF-HAR-E57,4000,"< 50,000"
PK-L-22066,Label  -  Status Blank Plate (Grey),LF-HAR-E57,5000,"< 50,000"
PK-L-22071,Label  -  Status Mini Dimmer (Grey),LF-HAR-E57,2663,"< 50,000"
PK-L-22076,Label  -  Status Mini Step Fan Regulator (Grey),LF-HAR-E57,2976,"< 50,000"
PK-L-22081,Label  -  Status Med Step Fan Regulator (Grey),LF-HAR-E57,1000,"< 50,000"
PK-L-22086,Label - Status Led Foot Lamp (Grey),LF-HAR-E57,800,"< 50,000"
PK-L-22091,Label - Status Led Night Lamp (Grey),LF-HAR-E57,400,"< 50,000"
PK-L-22096,MOTOR STARTER 25A GREY LABEL,LF-HAR-E57,500,"< 50,000"
PK-L-22106,Label - Tiny MCB C - 6A SP (Grey),LF-HAR-E57,2950,"< 50,000"
PK-L-22110,Label - Tiny MCB C - 10A SP (Grey),LF-HAR-E57,622,"< 50,000"
PK-L-22120,Label  -  Tiny MCB C - 20A SP (Grey),LF-HAR-E57,1400,"< 50,000"
PK-L-22171,Label  -  Status Edge Mini Step (Grey),LF-HAR-E57,33,"< 50,000"
PK-L-22176,Label  -  Status Edge Mini Step Fan Regulator (Grey),LF-HAR-E57,197,"< 50,000"
PK-L-22181,Label  -  Status Edge Medium Step (Grey),LF-HAR-E57,883,"< 50,000"
PK-L-22232,Label  -  Status MCB 32A Dp (Grey),LF-HAR-E57,1900,"< 50,000"
PK-L-2286,No Description,LF-PAL-A03,800,"< 50,000"
PK-L-2291,No Description,LF-PAL-A03,300,"< 50,000"
PK-L-2296,Label  -  BC Parallel,LF-PAL-A03,53,"< 50,000"
PK-L-2296,No Description,LF-PAL-A03,300,"< 50,000"
PK-L-2381,Label  -  Gold Surface D.P. 32A,LF-SIL-017,3259,"< 50,000"
PK-L-2386,Label  -  Gold Flush D.P.32A,LF-SIL-017,1415,"< 50,000"
PK-L-2451,"Label  -  Round Surface Plate 4""",LF-PAL-A03,500,"< 50,000"
PK-L-2451,No Description,LF-PAL-A03,700,"< 50,000"
PK-L-2641,Label  -  COLOUR 6X6 ( 4 METERS),LF-PAL-A03,150,"< 50,000"
PK-L-2641,No Description,LF-PAL-A03,200,"< 50,000"
PK-L-2711,Label - Mcb 4x1 Combine With J.Box,LF-HAR-E57,980,"< 50,000"
PK-L-2711,No Description,LF-HAR-E57,2000,"< 50,000"
PK-L-2726,No Description,LF-PAL-A03,600,"< 50,000"
PK-L-2781,No Description,LF-PAL-A03,300,"< 50,000"
PK-L-2796,Label  -  Jumbo 3 Pin 4 Meters,LF-PAL-A03,500,"< 50,000"
PK-L-2821,Label  -  Transy,LF-PAL-A03,700,"< 50,000"
PK-L-2821,No Description,LF-PAL-A03,200,"< 50,000"
PK-L-2836,Label  -  Melody Ding Dong,LF-PAL-A03,300,"< 50,000"
PK-L-2836,No Description,LF-PAL-A03,350,"< 50,000"
PK-L-2856,No Description,LF-PAL-A03,154,"< 50,000"
PK-L-2891,No Description,LF-PAL-A03,500,"< 50,000"
PK-L-2931,No Description,LF-PAL-A03,500,"< 50,000"
PK-L-2961,Label  -  Mini Parrot,LF-PAL-A03,345,"< 50,000"
PK-L-2961,No Description,LF-PAL-A03,500,"< 50,000"
PK-L-2991,Label  -  Arrow 4*1 Power Strip 2mtr,LF-PAL-A03,388,"< 50,000"
PK-L-2991,No Description,LF-PAL-A03,20,"< 50,000"
PK-L-2996,No Description,LF-PAL-A03,10,"< 50,000"
PK-L-3201,Label  -  Gold Mini Step,LF-SIL-017,952,"< 50,000"
PK-L-3236,Label  -  Cont Mantra,LF-PAL-A03,20,"< 50,000"
PK-L-3236,No Description,LF-PAL-A03,200,"< 50,000"
PK-L-3261,Label  -  Trico,LF-PAL-A03,500,"< 50,000"
PK-L-3261,No Description,LF-PAL-A03,600,"< 50,000"
PK-L-4166,Label  -  Multi 2x4,LF-PAL-A03,30,"< 50,000"
PK-L-4336,Label  -  DJ Bell,LF-PAL-A03,280,"< 50,000"
PK-L-4341,Label  -  Flood,LF-PAL-A03,410,"< 50,000"
PK-L-4341,No Description,LF-PAL-A03,1000,"< 50,000"
PK-L-4501,Label  -  Marvel Ding Dong,LF-PAL-A03,48,"< 50,000"
PK-L-4501,No Description,LF-PAL-A03,1000,"< 50,000"
PK-L-6802,Label  -  Gang Box 2M,LF-HAR-E57,3150,"< 50,000"
PK-L-6803,Label  -  Gang Box 3M,LF-HAR-E57,3466,"< 50,000"
PK-L-6804,Label  -  Gang Box 4M,LF-HAR-E57,3501,"< 50,000"
PK-L-6806,Label  -  Gang Box 6M,LF-HAR-E57,5200,"< 50,000"
PK-L-6808,Label  -  Gang Box 8Hz M,LF-HAR-E57,2090,"< 50,000"
PK-L-6809,Label  -  Gang Box 8Sq M,LF-HAR-E57,2090,"< 50,000"
PK-L-6812,Label  -  Gang Box 12 M,LF-HAR-E57,5200,"< 50,000"
PK-L-6818,Label  -  Gang Box 18 M,LF-HAR-E57,1040,"< 50,000"
PK-L-7121,No Description,LF-PAL-A03,300,"< 50,000"
PK-L-9026,No Description,LF-HAR-E57,935,"< 50,000"
PK-L-9031,Wawa Mini Kit Kat Label,LF-HAR-E57,500,"< 50,000"
PK-L-9086,Wawa Slim 6A 1 Way Switch Label,LF-HAR-E57,3000,"< 50,000"
PK-L-9091,Wawa Slim 2 Way Switch Label,LF-SIL-017,290,"< 50,000"
PK-L-9221,No Description,LF-HAR-E57,100,"< 50,000"
PK-L-9256,Status 2way Swt Label,LF-AND-28,1000,"< 50,000"
PK-L-9296,No Description,LF-HAR-E57,3000,"< 50,000"
PK-L-9326,Label  -  Status Indicator,LF-HAR-E57,527,"< 50,000"
PK-L-9326,No Description,LF-HAR-E57,10300,"< 50,000"
PK-L-9331,No Description,LF-HAR-E57,5300,"< 50,000"
PK-L-9336,Label - Status TV Soc,LF-HAR-E57,670,"< 50,000"
PK-L-9341,Label - Status Tel Jack,LF-HAR-E57,1000,"< 50,000"
PK-L-9351,Label - Status Rj - 45 With Shutter,LF-HAR-E57,927,"< 50,000"
PK-L-9356,No Description,LF-HAR-E57,10500,"< 50,000"
PK-L-9361,STATUS CORD OUTLET WITH GRIP LABEL,LF-HAR-E57,1000,"< 50,000"
PK-L-9366,No Description,LF-HAR-E57,8000,"< 50,000"
PK-L-9366,Status Mini Dim Label,LF-AND-28,6000,"< 50,000"
PK-L-9381,Label  -  Status 5 Step,LF-AND-28,1800,"< 50,000"
PK-L-9381,Label  -  Status 5 Step,LF-HAR-E57,2311,"< 50,000"
PK-L-9381,No Description,LF-HAR-E57,10300,"< 50,000"
PK-L-9386,Label  -  Status 16A Swt,LF-AND-28,3500,"< 50,000"
PK-L-9391,No Description,LF-HAR-E57,2000,"< 50,000"
PK-L-9391,STATUS 16A 2WAY SWITCH LABEL,LF-HAR-E57,190,"< 50,000"
PK-L-9396,Label - Status 1Way Switch 16A With Ind.,LF-HAR-E57,962,"< 50,000"
PK-L-9406,No Description,LF-HAR-E57,2000,"< 50,000"
PK-L-9416,No Description,LF-HAR-E57,6000,"< 50,000"
PK-L-9416,Status 16A Socket Label,LF-HAR-E57,455,"< 50,000"
PK-L-9426,Label  -  Status 32DP,LF-AND-28,1000,"< 50,000"
PK-L-9426,Label  -  Status 32DP,LF-HAR-E57,2773,"< 50,000"
PK-L-9426,No Description,LF-HAR-E57,2000,"< 50,000"
PK-L-9451,No Description,LF-VAS-006,3100,"< 50,000"
PK-L-9456,Label  -  Status Key Tag 32DP Swt,LF-AND-28,1700,"< 50,000"
PK-L-9456,STATUS HOTEL KEY TAG WITH 32A D.P. LABEL,LF-HAR-E57,470,"< 50,000"
PK-L-9461,Label  -  Status Only Key Tag,LF-AND-28,900,"< 50,000"
PK-L-9461,No Description,LF-HAR-E57,1000,"< 50,000"
PK-L-9461,STATUS ONLY KEY TAG LABEL,LF-HAR-E57,726,"< 50,000"
PK-L-9466,No Description,LF-HAR-E57,7938,"< 50,000"
PK-L-9481,No Description,LF-HAR-E57,4536,"< 50,000"
PK-L-9526,Label - Status Movement Sensor,LF-HAR-E57,990,"< 50,000"
PK-L-9536,No Description,LF-HAR-E57,1000,"< 50,000"
PK-L-9541,No Description,LF-HAR-E57,1000,"< 50,000"
PK-L-9546,No Description,LF-HAR-E57,1000,"< 50,000"
PK-L-9566,Label  -  Status Edge Mini Dimmer,LF-HAR-E57,2299,"< 50,000"
PK-L-9566,No Description,LF-HAR-E57,2000,"< 50,000"
PK-L-9581,Label  -  Status Edge Medium Step,LF-HAR-E57,560,"< 50,000"
PK-L-9581,No Description,LF-HAR-E57,3000,"< 50,000"
PK-L-9606,No Description,LF-HAR-E57,10500,"< 50,000"
PK-L-9611,Flat Bell Push Label,LF-HAR-E57,2000,"< 50,000"
PK-L-9611,No Description,LF-HAR-E57,6000,"< 50,000"
PK-L-9621,No Description,LF-HAR-E57,4978,"< 50,000"
PK-L-9626,No Description,LF-HAR-E57,3000,"< 50,000"
PK-L-9626,flat dual bell push label,LF-HAR-E57,614,"< 50,000"
PK-L-9631,FLAT 16A DUAL 1 WAY SWT WITH IND. LABEL,LF-HAR-E57,700,"< 50,000"
PK-L-9631,No Description,LF-HAR-E57,2000,"< 50,000"
PK-L-9636,Label - Flat DP Switch 32A,LF-HAR-E57,335,"< 50,000"
PK-L-9636,No Description,LF-HAR-E57,6140,"< 50,000"
PK-L-9706,No Description,LF-VAS-006,1050,"< 50,000"
PK-L-9711,No Description,LF-VAS-006,2185,"< 50,000"
PK-L-9711,STATUS BUZZER LABEL,LF-HAR-E57,1000,"< 50,000"
PK-L-9716,No Description,LF-VAS-006,1050,"< 50,000"
PK-L-9761,No Description,LF-HAR-E57,1000,"< 50,000"
PK-L-9796,No Description,LF-VAS-006,1050,"< 50,000"
PK-L-9801,No Description,LF-HAR-E57,1000,"< 50,000"
PK-L-9801,STATUS STEP 2WAY SWT 16A LABEL,LF-HAR-E57,700,"< 50,000"
PK-L-9806,No Description,LF-HAR-E57,2000,"< 50,000"
PK-L-9806,STATUS STEP DUAL BELL PUSH 6A LABEL,LF-HAR-E57,766,"< 50,000"
PK-L-9811,No Description,LF-HAR-E57,1000,"< 50,000"
PK-L-9811,STATUS STEP DUAL 1 WAY SWT WITH IND LABEL,LF-HAR-E57,700,"< 50,000"
PK-L-9816,No Description,LF-HAR-E57,1000,"< 50,000"
PK-L-9816,STATUS STEP DUAL D.P. SWT 32 WITH IND.LABEL,LF-HAR-E57,750,"< 50,000"
PK-L-9851,Label  -  Pocket Modular Holder,LF-HAR-E57,4465,"< 50,000"
PK-L-9851,No Description,LF-HAR-E57,10000,"< 50,000"
PK-L-9896,Label  -  Chrome 6A 2way Switch,LF-HAR-E57,13000,"< 50,000"
PK-L-9901,Label  -  Chrome 6A Bell Push,LF-HAR-E57,900,"< 50,000"
PK-L-9901,Label - Chrome 6A Bell Push,LF-HAR-E57,1000,"< 50,000"
PK-L-9921,Label - Chrome 16A 2way Switch,LF-HAR-E57,1000,"< 50,000"
PK-M-006,Common Panni (5x7.5),LF-DEL-01,14718,"< 50,000"
PK-M-006,No Description,LF-AND-28,15450,"< 50,000"
PK-M-006,No Description,LF-HAR-E57,9286,"< 50,000"
PK-M-007,Milky White Sticker,LF-AND-28,59670,"50,000 - 200,000"
PK-M-008,No Description,LF-PAL-A03,6,"< 50,000"
PK-M-008,Non Printed Patta,LF-PAL-A03,6,"< 50,000"
PK-M-010,Off White Sticker,LF-AND-28,273402,"> 200,000"
PK-M-011,Common Panni (5x11.5),LF-AND-28,2675,"< 50,000"
PK-M-011,No Description,LF-SIL-017,10947,"< 50,000"
PK-M-018,Common Panni (7x9.5),LF-AND-28,13791,"< 50,000"
PK-M-018,Common Panni (7x9.5),LF-SIL-017,7375,"< 50,000"
PK-M-018,No Description,LF-AND-28,14149,"< 50,000"
PK-M-018,No Description,LF-HAR-E57,20311,"< 50,000"
PK-M-018,No Description,LF-SIL-017,15000,"< 50,000"
PK-M-020,Common Panni (6x13.5),LF-AND-28,3379,"< 50,000"
PK-M-020,Common Panni (6x13.5),LF-SIL-017,7400,"< 50,000"
PK-M-020,No Description,LF-AND-28,23974,"< 50,000"
PK-M-020,No Description,LF-SIL-017,13000,"< 50,000"
PK-M-022,Moulding Panni (10 x 12),LF-SIL-017,6,"< 50,000"
PK-M-023,Master Ctn  -  Eco / Dlx DP,IN_TRANSIT,50,"< 50,000"
PK-M-023,Master Ctn  -  Eco / Dlx DP,LF-AND-28,214,"< 50,000"
PK-M-023,No Description,LF-AND-28,404,"< 50,000"
PK-M-028,Master Ctn  -  Dp Without Name,LF-SIL-017,40,"< 50,000"
PK-M-028,No Description,LF-SIL-017,220,"< 50,000"
PK-M-035,Master Crtn  -  Partition (Only Plate),LF-AND-28,500,"< 50,000"
PK-M-044,Bell Push Sticker,LF-AND-28,19998,"< 50,000"
PK-M-056,Common Panni (4x5),LF-DEL-01,41106,"< 50,000"
PK-M-056,No Description,LF-HAR-E57,78708,"50,000 - 200,000"
PK-M-057,Common Panni (6x8.5),LF-AND-28,19343,"< 50,000"
PK-M-057,Common Panni (6x8.5),LF-DEL-01,22203,"< 50,000"
PK-M-057,Common Panni (6x8.5),LF-HAR-E57,29200,"< 50,000"
PK-M-057,No Description,LF-AND-28,64657,"50,000 - 200,000"
PK-M-057,No Description,LF-HAR-E57,32946,"< 50,000"
PK-M-057,No Description,LF-SIL-017,40000,"< 50,000"
PK-M-070,Foam Roll,LF-SIL-017,8,"< 50,000"
PK-M-070,No Description,LF-SIL-017,6,"< 50,000"
PK-M-104,Common Panni (3.5x5),LF-SIL-017,6600,"< 50,000"
PK-M-104,No Description,LF-SIL-017,20000,"< 50,000"
PK-M-10408,Master Crtn  -  Edge Plate 8Hz,LF-VAS-006,60,"< 50,000"
PK-M-10408,No Description,LF-VAS-006,162,"< 50,000"
PK-M-10701,No Description,LF-VAS-006,295,"< 50,000"
PK-M-11112,Master Crtn - Smile 12M Plate (D),LF-HAR-E57,279,"< 50,000"
PK-M-1201,No Description,LF-VAS-006,375,"< 50,000"
PK-M-23106,No Description,LF-DEL-01,374,"< 50,000"
PK-M-24625,No Description,LF-DEL-01,95,"< 50,000"
PK-M-25225,Master Crtn  -  Assure Changeover,LF-DEL-01,52,"< 50,000"
PK-M-6802,Master Crtn  -  Modular Gang Box 2M,LF-HAR-E57,127,"< 50,000"
PK-M-6803,Master Crtn  -  Modular Gang Box 3M,LF-HAR-E57,79,"< 50,000"
PK-M-6804,Master Crtn  -  Modular Gang Box 4M,LF-HAR-E57,112,"< 50,000"
PK-M-6806,Master Crtn  -  Modular Gang Box 6M,LF-HAR-E57,33,"< 50,000"
PK-M-6808,Master Crtn  -  Modular Gang Box 8H,LF-HAR-E57,32,"< 50,000"
PK-M-6809,Master Crtn  -  Modular Gang Box 8Sq,LF-HAR-E57,40,"< 50,000"
PK-M-6812,No Description,LF-HAR-E57,12,"< 50,000"
PK-M-6818,Master Crtn  -  Modular Gang Box 18M,LF-HAR-E57,52,"< 50,000"
PK-M-7075,Master Crtn - Eco FR 0.75mm Wire 90mtr,LF-HAR-E57,597,"< 50,000"
PK-M-7100,Master Crtn  -  Eco FR 1mm Wire 90mtr,LF-HAR-E57,391,"< 50,000"
PK-M-7150,No Description,LF-HAR-E57,85,"< 50,000"
PK-M-7250,No Description,LF-HAR-E57,50,"< 50,000"
PK-M-7400,Master Crtn  -  Eco FR 4mm Wire 90mtr,LF-HAR-E57,148,"< 50,000"
PK-M-7600,Master Crtn  -  Eco FR 6mm Wire 90mtr,LF-HAR-E57,25,"< 50,000"
PK-M-9251,No Description,LF-AND-28,381,"< 50,000"
PK-M-9251,No Description,LF-HAR-E57,25,"< 50,000"
PK-M-9251,No Description,LF-VAS-006,254,"< 50,000"
PK-M-9376,Master Crtn  -  Status Fan Regulator (C),LF-AND-28,399,"< 50,000"
PK-M-9376,Master Crtn  -  Status Fan Regulator (C),LF-HAR-E57,437,"< 50,000"
PK-M-9376,Master Crtn  -  Status Fan Regulator (C),LF-VAS-006,86,"< 50,000"
PK-M-9376,No Description,LF-AND-28,100,"< 50,000"
PK-M-9506,Master Crtn  -  Status Dual (B),LF-AND-28,199,"< 50,000"
PK-M-9506,Master Crtn  -  Status Dual (B),LF-HAR-E57,265,"< 50,000"
PK-M-9506,No Description,LF-AND-28,75,"< 50,000"
PK-M-9506,No Description,LF-SIL-017,179,"< 50,000"
PK-M-9506,No Description,LF-VAS-006,2,"< 50,000"
PK-MP-10408,Edge Plate 8Hz Mini Pacakging Carton,LF-VAS-006,48,"< 50,000"
PK-MP-10408,No Description,LF-VAS-006,50,"< 50,000"
PK-MP-10701,No Description,LF-VAS-006,139,"< 50,000"
PK-MP-11112,Smile 12M Mini Packaging Cartoon (D),LF-HAR-E57,962,"< 50,000"
PK-MP-1201,No Description,LF-VAS-006,325,"< 50,000"
PK-MP-23106,No Description,LF-DEL-01,3632,"< 50,000"
PK-MP-23106,Triprite / Assure MCB Mini Packaging Carton,LF-DEL-01,3300,"< 50,000"
PK-MP-24625,No Description,LF-DEL-01,51,"< 50,000"
PK-MP-24625,Triprite / Assure RCCB Mini Packaging Carton,LF-DEL-01,215,"< 50,000"
PK-MP-25225,Triprite / Assure Changeover Mini Packaging Carton,LF-DEL-01,347,"< 50,000"
PK-MP-9251,No Description,LF-AND-28,849,"< 50,000"
PK-MP-9251,No Description,LF-HAR-E57,99,"< 50,000"
PK-MP-9251,No Description,LF-VAS-006,496,"< 50,000"
PK-MP-9251,Status Switch Mini Packaging Cartoon (A),LF-HAR-E57,1215,"< 50,000"
PK-MP-9251,Status Switch Mini Packaging Cartoon (A),LF-VAS-006,20,"< 50,000"
PK-MP-9376,No Description,LF-VAS-006,109,"< 50,000"
PK-MP-9376,Status Fan Regulator Mini Packaging Cartoon (C),LF-HAR-E57,2132,"< 50,000"
PK-MP-9376,Status Fan Regulator Mini Packaging Cartoon (C),LF-VAS-006,98,"< 50,000"
PK-MP-9506,No Description,LF-AND-28,421,"< 50,000"
PK-MP-9506,No Description,LF-SIL-017,2843,"< 50,000"
PK-MP-9506,No Description,LF-VAS-006,65,"< 50,000"
PK-MP-9506,Status Dual Mini Packaging Cartoon (B),LF-AND-28,807,"< 50,000"
PK-MP-9506,Status Dual Mini Packaging Cartoon (B),LF-HAR-E57,1005,"< 50,000"
PK-MP-9506,Status Dual Mini Packaging Cartoon (B),LF-VAS-006,375,"< 50,000"
PK-O-1016,Jazz Swt Outer,LF-AND-28,49,"< 50,000"
PK-O-1016,No Description,IN_TRANSIT,266,"< 50,000"
PK-O-10301,Solo 1M Outer,LF-HAR-E57,25,"< 50,000"
PK-O-10302,Solo 2M Outer,LF-HAR-E57,1425,"< 50,000"
PK-O-10303,Solo 3M Outer,LF-HAR-E57,2700,"< 50,000"
PK-O-10304,Solo 4M Outer,LF-HAR-E57,1672,"< 50,000"
PK-O-10306,Solo 6M Outer,LF-HAR-E57,4200,"< 50,000"
PK-O-10308,Solo 8H Outer,LF-HAR-E57,2250,"< 50,000"
PK-O-10309,Solo 8Sq Outer,LF-HAR-E57,2100,"< 50,000"
PK-O-1031,Piano Old Outer,LF-SIL-017,50,"< 50,000"
PK-O-10312,Solo 12M Outer,LF-HAR-E57,3450,"< 50,000"
PK-O-10402,No Description,LF-VAS-006,352,"< 50,000"
PK-O-10403,Status Edge 3M Outer,LF-VAS-006,774,"< 50,000"
PK-O-10404,No Description,LF-VAS-006,641,"< 50,000"
PK-O-10404,Status Edge 4M Outer,LF-VAS-006,239,"< 50,000"
PK-O-10406,No Description,LF-VAS-006,500,"< 50,000"
PK-O-10408,No Description,LF-VAS-006,862,"< 50,000"
PK-O-10409,No Description,LF-VAS-006,399,"< 50,000"
PK-O-10412,No Description,LF-VAS-006,1000,"< 50,000"
PK-O-10412,Status Edge 12M Outer,LF-VAS-006,1,"< 50,000"
PK-O-10416,No Description,LF-VAS-006,86,"< 50,000"
PK-O-10416,Status Edge 16M Outer,LF-VAS-006,4,"< 50,000"
PK-O-10418,No Description,LF-VAS-006,48,"< 50,000"
PK-O-10418,Status Edge 18M Outer,LF-VAS-006,500,"< 50,000"
PK-O-1061,No Description,LF-AND-28,2500,"< 50,000"
PK-O-1061,No Description,LF-SIL-017,2075,"< 50,000"
PK-O-1061,Super Swt Outer,LF-AND-28,177,"< 50,000"
PK-O-10702,Axis 2M Outer,LF-VAS-006,320,"< 50,000"
PK-O-10702,No Description,LF-VAS-006,1450,"< 50,000"
PK-O-10703,No Description,LF-VAS-006,2077,"< 50,000"
PK-O-10704,Axis 4M Outer,LF-HAR-E57,1000,"< 50,000"
PK-O-10704,No Description,LF-VAS-006,992,"< 50,000"
PK-O-10706,Axis 6M Outer,LF-HAR-E57,250,"< 50,000"
PK-O-10706,No Description,LF-VAS-006,633,"< 50,000"
PK-O-10708,No Description,LF-VAS-006,1068,"< 50,000"
PK-O-10709,Axis 8Sq Outer,LF-VAS-006,396,"< 50,000"
PK-O-10709,No Description,LF-VAS-006,59,"< 50,000"
PK-O-10712,Axis 12M Outer,LF-HAR-E57,90,"< 50,000"
PK-O-10712,No Description,LF-VAS-006,3438,"< 50,000"
PK-O-10716,Axis 16M Outer,LF-VAS-006,265,"< 50,000"
PK-O-10716,No Description,LF-VAS-006,113,"< 50,000"
PK-O-10718,Axis 18M Outer,LF-VAS-006,46,"< 50,000"
PK-O-10718,No Description,LF-VAS-006,918,"< 50,000"
PK-O-1091,Ticino Outer,LF-SIL-017,750,"< 50,000"
PK-O-11102,No Description,LF-HAR-E57,1000,"< 50,000"
PK-O-11103,No Description,LF-HAR-E57,2000,"< 50,000"
PK-O-11103,Smile 3M Outer,LF-HAR-E57,4000,"< 50,000"
PK-O-11106,No Description,LF-HAR-E57,2700,"< 50,000"
PK-O-11108,No Description,LF-HAR-E57,1408,"< 50,000"
PK-O-1111,Conwood 4.5 x 4.5 Outer,LF-HAR-E57,1300,"< 50,000"
PK-O-11112,No Description,LF-HAR-E57,2500,"< 50,000"
PK-O-11116,Smile 16M Outer,LF-HAR-E57,104,"< 50,000"
PK-O-11118,Smile 18M Outer,LF-HAR-E57,851,"< 50,000"
PK-O-1112,Conwood 4.5 x 6.5 Outer,LF-HAR-E57,1300,"< 50,000"
PK-O-1114,Conwood 4.5 x 10.5 Outer,LF-HAR-E57,3000,"< 50,000"
PK-O-1115,Conwood 4.5 x 12.5 Outer,LF-HAR-E57,3000,"< 50,000"
PK-O-1116,Conwood 6.5 x 8.5 Outer,LF-HAR-E57,600,"< 50,000"
PK-O-1118,Conwood 8.5 x 10.5 Outer,LF-HAR-E57,600,"< 50,000"
PK-O-1121,Piano Gold Outer,LF-SIL-017,400,"< 50,000"
PK-O-12001,Luxury Swt Outer,LF-HAR-E57,250,"< 50,000"
PK-O-1201,No Description,LF-VAS-006,108,"< 50,000"
PK-O-1201,Smartwood 1M Outer,LF-VAS-006,847,"< 50,000"
PK-O-1202,No Description,LF-VAS-006,61,"< 50,000"
PK-O-1203,No Description,LF-VAS-006,1634,"< 50,000"
PK-O-12036,Luxury KK Fuse Outer,LF-HAR-E57,4200,"< 50,000"
PK-O-1204,No Description,LF-VAS-006,1023,"< 50,000"
PK-O-1206,No Description,LF-VAS-006,690,"< 50,000"
PK-O-12076,Luxury 5 Step Outer,LF-HAR-E57,400,"< 50,000"
PK-O-1208,No Description,LF-VAS-006,1749,"< 50,000"
PK-O-1209,Smartwood 8Sq Outer,LF-VAS-006,405,"< 50,000"
PK-O-1210,No Description,LF-VAS-006,3053,"< 50,000"
PK-O-1210,Smartwood 10M Outer,LF-VAS-006,1013,"< 50,000"
PK-O-12101,Luxury 16A Soc Outer,LF-HAR-E57,2300,"< 50,000"
PK-O-12106,Luxury 3x1 Outer,LF-HAR-E57,1600,"< 50,000"
PK-O-12111,Luxury 3x1 Box Outer,LF-HAR-E57,600,"< 50,000"
PK-O-12116,Luxury 5x1 Outer,LF-HAR-E57,900,"< 50,000"
PK-O-1212,No Description,LF-VAS-006,2075,"< 50,000"
PK-O-1212,Smartwood 12M Outer,LF-VAS-006,466,"< 50,000"
PK-O-12121,Luxury 5x1 Box Outer,LF-HAR-E57,425,"< 50,000"
PK-O-1213,No Description,LF-VAS-006,157,"< 50,000"
PK-O-1213,Smartwood 12H Outer,LF-VAS-006,3,"< 50,000"
PK-O-1216,Smartwood 16M Outer,LF-VAS-006,238,"< 50,000"
PK-O-1218,Smartwood 18M Outer,LF-VAS-006,525,"< 50,000"
PK-O-1219,Smartwood 18V Outer,LF-VAS-006,518,"< 50,000"
PK-O-1441,Relax Bed Swt Outer,LF-HAR-E57,2150,"< 50,000"
PK-O-1451,Gold Hanging Bed Switch 6A Outer,LF-AND-28,647,"< 50,000"
PK-O-1451,No Description,LF-AND-28,700,"< 50,000"
PK-O-14602,Platinum 2M Plate Outer,LF-HAR-E57,1853,"< 50,000"
PK-O-14604,Platinum 4M Plate Outer,LF-HAR-E57,1219,"< 50,000"
PK-O-14608,Platinum 8H Plate Outer,LF-HAR-E57,575,"< 50,000"
PK-O-14616,Platinum 16M Plate Outer,LF-HAR-E57,58,"< 50,000"
PK-O-14618,Platinum 18M Plate Outer,LF-HAR-E57,261,"< 50,000"
PK-O-14802,Option 2M Outer,LF-HAR-E57,1995,"< 50,000"
PK-O-14803,Option 3M Outer,LF-HAR-E57,3305,"< 50,000"
PK-O-14806,Option 6M Outer,LF-HAR-E57,364,"< 50,000"
PK-O-14818,Option 18M Outer,LF-HAR-E57,545,"< 50,000"
PK-O-1491,Gold 16A Swt Outer,LF-SIL-017,940,"< 50,000"
PK-O-1491,No Description,LF-SIL-017,500,"< 50,000"
PK-O-1551,No Description,LF-SIL-017,397,"< 50,000"
PK-O-1621,Gold 3pin Socket Outer,LF-SIL-017,8609,"< 50,000"
PK-O-1621,No Description,LF-AND-28,731,"< 50,000"
PK-O-1621,No Description,LF-SIL-017,1840,"< 50,000"
PK-O-1686,Gold 16A Soc Outer,LF-HAR-E57,1175,"< 50,000"
PK-O-1686,Gold 16A Soc Outer,LF-SIL-017,2294,"< 50,000"
PK-O-1686,No Description,LF-SIL-017,2400,"< 50,000"
PK-O-1831,Gold Ind Outer,LF-SIL-017,900,"< 50,000"
PK-O-18502,No Description,LF-VAS-006,24,"< 50,000"
PK-O-18503,No Description,LF-VAS-006,258,"< 50,000"
PK-O-18504,Estella 4M Plate Smooth White Outer,LF-VAS-006,1910,"< 50,000"
PK-O-18504,No Description,LF-VAS-006,254,"< 50,000"
PK-O-18506,Estella 6M Plate Smooth White Outer,LF-VAS-006,371,"< 50,000"
PK-O-18506,No Description,LF-VAS-006,100,"< 50,000"
PK-O-18508,Estella 8M Hor. Plate Smooth White Outer,LF-VAS-006,1539,"< 50,000"
PK-O-18508,No Description,LF-VAS-006,111,"< 50,000"
PK-O-18509,Estella 8M Sq. Plate Smooth White Outer,LF-VAS-006,147,"< 50,000"
PK-O-18509,No Description,LF-VAS-006,690,"< 50,000"
PK-O-18518,Estella 18M Plate Smooth White Outer,LF-VAS-006,1131,"< 50,000"
PK-O-18601,Estella 1/2M Colour Plate Outer,LF-VAS-006,1000,"< 50,000"
PK-O-18603,Estella 3M Colour Plate Outer,LF-VAS-006,1000,"< 50,000"
PK-O-18604,Estella 4M Colour Plate Outer,LF-VAS-006,1000,"< 50,000"
PK-O-18606,Estella 6 M Colour Plate Outer,LF-VAS-006,940,"< 50,000"
PK-O-18608,Estella 8H M Colour Plate Outer,LF-VAS-006,1000,"< 50,000"
PK-O-18609,Estella 8Sq M Colour Plate Outer,LF-VAS-006,500,"< 50,000"
PK-O-1861,Gold KK Outer,LF-SIL-017,1300,"< 50,000"
PK-O-1861,No Description,LF-VAS-006,1500,"< 50,000"
PK-O-18612,Estella 12M Colour Plate Outer,LF-VAS-006,1500,"< 50,000"
PK-O-18616,Estella 16M Colour Plate Outer,LF-VAS-006,500,"< 50,000"
PK-O-18618,Estella 18M Colour Plate Outer,LF-VAS-006,300,"< 50,000"
PK-O-18902,Posh 2M Plate Outer,LF-VAS-006,60,"< 50,000"
PK-O-18910,Posh 10M Plate Outer,LF-VAS-006,120,"< 50,000"
PK-O-19001,Estella Swt Grey Outer,LF-VAS-006,5115,"< 50,000"
PK-O-19081,Estella 4 Step Regulator Outer Grey,LF-VAS-006,1809,"< 50,000"
PK-O-1916,No Description,LF-SIL-017,64,"< 50,000"
PK-O-1916,Porc KK 32/240 Outer,LF-SIL-017,152,"< 50,000"
PK-O-1926,No Description,LF-SIL-017,1700,"< 50,000"
PK-O-1926,Porc KK 32/415 Outer,LF-SIL-017,2331,"< 50,000"
PK-O-1936,No Description,LF-SIL-017,1800,"< 50,000"
PK-O-1936,Porc KK 63/415 Outer,LF-SIL-017,2376,"< 50,000"
PK-O-1951,Glow 6A Top Outer,LF-HAR-E57,211,"< 50,000"
PK-O-1951,No Description,LF-HAR-E57,900,"< 50,000"
PK-O-1961,No Description,LF-HAR-E57,1048,"< 50,000"
PK-O-1966,No Description,LF-SIL-017,10,"< 50,000"
PK-O-19702,Marvel 2M Plate Outer (Common  -  Only Cover or Only Base),LF-VAS-006,100,"< 50,000"
PK-O-19704,Marvel 4M Plate Outer (Common  -  Only Cover or Only Base),LF-VAS-006,324,"< 50,000"
PK-O-19706,Marvel 6M Plate Outer (Common  -  Only Cover or Only Base),LF-VAS-006,130,"< 50,000"
PK-O-19708,Marvel 8 H M Plate Outer (Common  -  Only Cover or Only Base),LF-VAS-006,1,"< 50,000"
PK-O-1971,No Description,LF-SIL-017,1,"< 50,000"
PK-O-19718,Marvel 18M Plate Outer (Common  -  Only Cover or Only Base),LF-VAS-006,300,"< 50,000"
PK-O-1986,Dlx 6A Top Outer,LF-AND-28,401,"< 50,000"
PK-O-1986,Dlx 6A Top Outer,LF-SIL-017,3200,"< 50,000"
PK-O-1986,No Description,LF-AND-28,1125,"< 50,000"
PK-O-1986,No Description,LF-SIL-017,2603,"< 50,000"
PK-O-1991,Dlx 16A Top Outer,LF-AND-28,313,"< 50,000"
PK-O-1991,No Description,LF-AND-28,994,"< 50,000"
PK-O-1991,No Description,LF-SIL-017,2876,"< 50,000"
PK-O-2031,Gold 2pin Top Outer,LF-SIL-017,60,"< 50,000"
PK-O-2036,Gold Male Female Outer,LF-SIL-017,1000,"< 50,000"
PK-O-2086,Soft Ceiling Rose Outer,LF-HAR-E57,1793,"< 50,000"
PK-O-21001,No Description,LF-SIL-017,5000,"< 50,000"
PK-O-21001,Teron Switch Outer,LF-HAR-E57,9375,"< 50,000"
PK-O-21302,Teron 2M Plate Outer,LF-HAR-E57,606,"< 50,000"
PK-O-21303,Teron 3M Plate Outer,LF-HAR-E57,85,"< 50,000"
PK-O-21308,Teron 8M Hor Plate Outer,LF-HAR-E57,1536,"< 50,000"
PK-O-21309,Teron 8M Sq Plate Outer,LF-HAR-E57,2000,"< 50,000"
PK-O-21316,Teron 16M Plate Outer,LF-HAR-E57,950,"< 50,000"
PK-O-2191,No Description,LF-SIL-017,1250,"< 50,000"
PK-O-2191,Single Adapter Outer,LF-SIL-017,706,"< 50,000"
PK-O-2201,No Description,LF-HAR-E57,3000,"< 50,000"
PK-O-2201,Soft Holder Outer,LF-HAR-E57,3966,"< 50,000"
PK-O-2211,Gold 4x1 Box Outer,LF-SIL-017,1000,"< 50,000"
PK-O-2211,No Description,LF-SIL-017,10,"< 50,000"
PK-O-2246,Gold 3x1 Outer,LF-SIL-017,278,"< 50,000"
PK-O-2246,No Description,LF-AND-28,876,"< 50,000"
PK-O-2251,Gold 3x1 Box Outer,LF-HAR-E57,4650,"< 50,000"
PK-O-2251,Gold 3x1 Box Outer,LF-SIL-017,1666,"< 50,000"
PK-O-2251,No Description,LF-AND-28,1649,"< 50,000"
PK-O-2251,No Description,LF-SIL-017,1200,"< 50,000"
PK-O-23106,Assure MCB Common Outer,LF-DEL-01,10800,"< 50,000"
PK-O-2351,No Description,LF-AND-28,630,"< 50,000"
PK-O-2351,No Description,LF-SIL-017,10,"< 50,000"
PK-O-2356,Gold 5x1 Box Outer,LF-AND-28,705,"< 50,000"
PK-O-2356,Gold 5x1 Box Outer,LF-SIL-017,465,"< 50,000"
PK-O-2356,No Description,LF-AND-28,2000,"< 50,000"
PK-O-2356,No Description,LF-SIL-017,2000,"< 50,000"
PK-O-2376,Tiny DP Outer,LF-AND-28,1900,"< 50,000"
PK-O-2381,Gold Surf DP Outer,LF-SIL-017,500,"< 50,000"
PK-O-2386,Flush DP Outer,LF-SIL-017,9,"< 50,000"
PK-O-2386,No Description,LF-SIL-017,6,"< 50,000"
PK-O-2391,No Description,LF-HAR-E57,5000,"< 50,000"
PK-O-2391,Ring Holder Outer,LF-HAR-E57,2475,"< 50,000"
PK-O-2401,Eco DP Outer,LF-HAR-E57,650,"< 50,000"
PK-O-2406,Dlx DP Outer,LF-AND-28,761,"< 50,000"
PK-O-2406,No Description,LF-AND-28,1611,"< 50,000"
PK-O-2406,No Description,LF-SIL-017,1033,"< 50,000"
PK-O-24625,Assure RCCB Common Outer,LF-DEL-01,3570,"< 50,000"
PK-O-2471,Fashion Holder Outer,LF-HAR-E57,1050,"< 50,000"
PK-O-24725,RCCB Common Outer For Assure,LF-DEL-01,3450,"< 50,000"
PK-O-2516,Pearl Holder Outer,LF-HAR-E57,3321,"< 50,000"
PK-O-25225,Assure Changeover Outer,LF-DEL-01,1997,"< 50,000"
PK-O-2531,No Description,LF-HAR-E57,696,"< 50,000"
PK-O-25425,Changeover Common Outer For Assure,LF-DEL-01,1649,"< 50,000"
PK-O-2711,MCB 4x1 Box Outer,LF-HAR-E57,800,"< 50,000"
PK-O-3076,Big Boss 400W / 600W Outer,LF-AND-28,500,"< 50,000"
PK-O-3086,Metal 1000W / 2000W Outer,LF-AND-28,325,"< 50,000"
PK-O-3106,No Description,LF-DEL-01,4523,"< 50,000"
PK-O-3196,Gold Mini Dim Outer,LF-SIL-017,330,"< 50,000"
PK-O-3196,No Description,LF-SIL-017,1280,"< 50,000"
PK-O-3211,Gold 5 Step Regulator Outer,LF-SIL-017,256,"< 50,000"
PK-O-3211,No Description,LF-SIL-017,24,"< 50,000"
PK-O-3266,Dome CR Outer,LF-SIL-017,1210,"< 50,000"
PK-O-4096,Slim MCB DP Outer,LF-HAR-E57,320,"< 50,000"
PK-O-4276,No Description,LF-SIL-017,4760,"< 50,000"
PK-O-4281,Novel Male Female Outer,LF-SIL-017,1846,"< 50,000"
PK-O-4291,No Description,LF-AND-28,841,"< 50,000"
PK-O-4296,No Description,LF-AND-28,895,"< 50,000"
PK-O-4296,No Description,LF-SIL-017,1449,"< 50,000"
PK-O-4306,MCB Surf DP Outer,LF-HAR-E57,1453,"< 50,000"
PK-O-4346,No Description,LF-HAR-E57,5152,"< 50,000"
PK-O-4366,No Description,IN_TRANSIT,370,"< 50,000"
PK-O-4371,No Description,IN_TRANSIT,819,"< 50,000"
PK-O-4376,Lite 16A Double Combine Outer,LF-HAR-E57,240,"< 50,000"
PK-O-4381,Lite Combine 6/16A with Box Outer,LF-SIL-017,1337,"< 50,000"
PK-O-4381,No Description,LF-SIL-017,1993,"< 50,000"
PK-O-4625,Changeover Common Outer For Triprite,LF-DEL-01,183,"< 50,000"
PK-O-4625,No Description,LF-DEL-01,6982,"< 50,000"
PK-O-5225,RCCB Common Outer For Triprite,LF-DEL-01,3849,"< 50,000"
PK-O-6702,Mod Surf Box 2M Outer,LF-HAR-E57,2305,"< 50,000"
PK-O-6703,No Description,LF-HAR-E57,1000,"< 50,000"
PK-O-6706,Mod Surf Box 6M Outer,LF-HAR-E57,525,"< 50,000"
PK-O-6708,Mod Surf Box 8H Outer,LF-HAR-E57,930,"< 50,000"
PK-O-6709,Mod Surf Box 8Sq Outer,LF-HAR-E57,873,"< 50,000"
PK-O-6718,Mod Surf Box 18M Outer,LF-HAR-E57,125,"< 50,000"
PK-O-6802,Gang Box 2M Outer,LF-HAR-E57,1767,"< 50,000"
PK-O-6804,Gang Box 4M Outer,LF-HAR-E57,1000,"< 50,000"
PK-O-6806,Gang Box 6M Outer,LF-HAR-E57,2475,"< 50,000"
PK-O-6808,Gang Box 8H Outer,LF-HAR-E57,868,"< 50,000"
PK-O-6809,Gang Box 8Sq Outer,LF-HAR-E57,1350,"< 50,000"
PK-O-6812,Gang Box 12M Outer,LF-HAR-E57,487,"< 50,000"
PK-O-6818,Gang Box 18M Outer,LF-HAR-E57,635,"< 50,000"
PK-O-7061,Style Med Dimmer Outer,LF-HAR-E57,2000,"< 50,000"
PK-O-9001,No Description,LF-HAR-E57,3011,"< 50,000"
PK-O-9001,No Description,LF-SIL-017,1359,"< 50,000"
PK-O-9001,Wawa Swt Outer,LF-SIL-017,674,"< 50,000"
PK-O-9016,No Description,LF-HAR-E57,2000,"< 50,000"
PK-O-9016,No Description,LF-SIL-017,505,"< 50,000"
PK-O-9016,Wawa 3pin Socket Outer,LF-SIL-017,486,"< 50,000"
PK-O-9066,Wawa Med Dimmer Outer,LF-HAR-E57,400,"< 50,000"
PK-O-9146,No Description,LF-HAR-E57,1343,"< 50,000"
PK-O-9216,No Description,LF-HAR-E57,1000,"< 50,000"
PK-O-9216,Wawa 16A Swt Outer,LF-HAR-E57,500,"< 50,000"
PK-O-9226,Wawa 3x1 Outer,LF-HAR-E57,1850,"< 50,000"
PK-O-9236,No Description,LF-HAR-E57,3595,"< 50,000"
PK-O-9236,No Description,LF-SIL-017,645,"< 50,000"
PK-O-9236,Wawa 3x1 Box Outer,LF-SIL-017,1255,"< 50,000"
PK-O-9241,Wawa 5x1 Box Outer,LF-HAR-E57,2225,"< 50,000"
PK-O-9251,No Description,LF-AND-28,3718,"< 50,000"
PK-O-9251,No Description,LF-HAR-E57,10000,"< 50,000"
PK-O-9251,Status 6A Swt Printed Outer,LF-HAR-E57,14162,"< 50,000"
PK-O-9311,No Description,LF-SIL-017,5669,"< 50,000"
PK-O-9316,No Description,IN_TRANSIT,300,"< 50,000"
PK-O-9316,No Description,LF-AND-28,211,"< 50,000"
PK-O-9316,No Description,LF-HAR-E57,10000,"< 50,000"
PK-O-9316,Status 6A 3pin Printed Socket Outer,LF-HAR-E57,6592,"< 50,000"
PK-O-9366,Status Regulator Size Common Outer,LF-HAR-E57,657,"< 50,000"
PK-O-9366-MUM,No Description,LF-AND-28,2157,"< 50,000"
PK-O-9376,No Description,LF-AND-28,5051,"< 50,000"
PK-O-9376,No Description,LF-HAR-E57,7000,"< 50,000"
PK-O-9376,Status Mini 4 Step Printed Outer,LF-AND-28,330,"< 50,000"
PK-O-9376,Status Mini 4 Step Printed Outer,LF-VAS-006,5,"< 50,000"
PK-O-9381-MUM,No Description,LF-AND-28,576,"< 50,000"
PK-O-9386,No Description,LF-AND-28,5439,"< 50,000"
PK-O-9386,Status 16A Swt Printed Outer,LF-AND-28,2315,"< 50,000"
PK-O-9386,Status 16A Swt Printed Outer,LF-HAR-E57,4040,"< 50,000"
PK-O-9476,No Description,LF-HAR-E57,3000,"< 50,000"
PK-O-9506,No Description,LF-AND-28,15291,"< 50,000"
PK-O-9601,Flat 6A Swt Printed Outer,LF-HAR-E57,19475,"< 50,000"
PK-O-9601,Flat 6A Swt Printed Outer,LF-VAS-006,573,"< 50,000"
PK-O-9601,No Description,LF-HAR-E57,10000,"< 50,000"
PK-O-9601,No Description,LF-VAS-006,1800,"< 50,000"
PK-O-9751,Step 6A Swt Printed Outer,LF-HAR-E57,8,"< 50,000"
PK-O-9771,Fresh Modular Angle / Batten Holder Outer,LF-HAR-E57,1195,"< 50,000"
PK-O-9771,No Description,LF-HAR-E57,3000,"< 50,000"
PK-O-9786,Modular Power Box Outer,LF-HAR-E57,23,"< 50,000"
PK-O-9796,No Description,LF-HAR-E57,29250,"< 50,000"
PK-O-9796,Status Switch Size Common Outer,LF-HAR-E57,12411,"< 50,000"
PK-O-9856,Fresh Mod Foot Lamp Outer,LF-HAR-E57,365,"< 50,000"
PK-OL-3221,Silver Bell Outer Label,LF-PAL-A03,800,"< 50,000"
PK-P-10132,Status SP MCB Panni,LF-HAR-E57,167700,"50,000 - 200,000"
PK-P-10232,Status DP MCB Panni,LF-HAR-E57,72410,"50,000 - 200,000"
PK-P-10301,No Description,LF-VAS-006,650,"< 50,000"
PK-P-10301,Solo 1/2 M Panni,LF-AND-28,7762,"< 50,000"
PK-P-10301,Solo 1/2 M Panni,LF-VAS-006,1186,"< 50,000"
PK-P-10303,No Description,LF-HAR-E57,30000,"< 50,000"
PK-P-10303,No Description,LF-VAS-006,190,"< 50,000"
PK-P-10304,No Description,LF-HAR-E57,20000,"< 50,000"
PK-P-10304,No Description,LF-VAS-006,350,"< 50,000"
PK-P-10306,No Description,LF-HAR-E57,56390,"50,000 - 200,000"
PK-P-10306,No Description,LF-VAS-006,380,"< 50,000"
PK-P-10308,No Description,LF-VAS-006,320,"< 50,000"
PK-P-10309,Solo 8SQ Panni,LF-HAR-E57,21740,"< 50,000"
PK-P-10312,No Description,LF-VAS-006,280,"< 50,000"
PK-P-10312,Solo 12M Panni,LF-HAR-E57,49080,"< 50,000"
PK-P-10316,No Description,LF-VAS-006,250,"< 50,000"
PK-P-10316,Solo 16M Panni,LF-HAR-E57,25040,"< 50,000"
PK-P-10318,No Description,LF-VAS-006,280,"< 50,000"
PK-P-10318,Solo 18M Panni,LF-HAR-E57,19040,"< 50,000"
PK-P-10706,Axis 6M Printed Panni,LF-HAR-E57,3500,"< 50,000"
PK-P-10712,Axis 12M Printed Panni,LF-HAR-E57,3500,"< 50,000"
PK-P-1111,Conwood (4.5x4.5) Panni,LF-HAR-E57,43000,"< 50,000"
PK-P-11112,Smile 12M Printed Panni,LF-HAR-E57,58000,"50,000 - 200,000"
PK-P-1115,Conwood (4.5x12.5) Panni,LF-HAR-E57,35000,"< 50,000"
PK-P-1118,Conwood (8.5x10.5) Panni,LF-HAR-E57,1000,"< 50,000"
PK-P-1201,No Description,LF-VAS-006,100,"< 50,000"
PK-P-1202,No Description,LF-VAS-006,120,"< 50,000"
PK-P-1203,No Description,LF-VAS-006,180,"< 50,000"
PK-P-1204,No Description,LF-VAS-006,180,"< 50,000"
PK-P-1206,No Description,LF-VAS-006,180,"< 50,000"
PK-P-1208,No Description,LF-VAS-006,150,"< 50,000"
PK-P-1210,No Description,LF-VAS-006,120,"< 50,000"
PK-P-1212,No Description,LF-VAS-006,180,"< 50,000"
PK-P-1213,No Description,LF-VAS-006,100,"< 50,000"
PK-P-1218,No Description,LF-VAS-006,80,"< 50,000"
PK-P-14191,Platinum Socket Panni,LF-HAR-E57,9000,"< 50,000"
PK-P-14601,Platinum 1/2M Plate Panni,LF-HAR-E57,11650,"< 50,000"
PK-P-14603,Platinum 3M Plate Panni,LF-HAR-E57,7550,"< 50,000"
PK-P-14606,No Description,LF-HAR-E57,15230,"< 50,000"
PK-P-14608,Platinum 8H Plate Panni,LF-HAR-E57,9000,"< 50,000"
PK-P-14609,Platinum 8Sq Plate Panni,LF-HAR-E57,3500,"< 50,000"
PK-P-14612,Platinum 12M Plate Panni,LF-HAR-E57,2760,"< 50,000"
PK-P-14616,Platinum 16M Plate Panni,LF-HAR-E57,11000,"< 50,000"
PK-P-14618,Platinum 18M Plate Panni,LF-HAR-E57,14260,"< 50,000"
PK-P-18036,No Description,LF-VAS-006,400,"< 50,000"
PK-P-18501,Estella 1/2M Plate Panni (116x105+35),LF-VAS-006,15,"< 50,000"
PK-P-18504,Estella 4M Plate Panni (116x167.50+35),LF-VAS-006,1660,"< 50,000"
PK-P-18506,Estella 6M Plate Panni (116x235+35),LF-VAS-006,559,"< 50,000"
PK-P-18508,Estella 8H Plate Panni (116x277.5+35),LF-VAS-006,14414,"< 50,000"
PK-P-18509,Estella 8Sq Plate Panni (185x167.50+35),LF-VAS-006,602,"< 50,000"
PK-P-18512,Estella 12M Plate Panni (185x235+35),LF-VAS-006,943,"< 50,000"
PK-P-18516,Estella 16M Plate Panni (185x277.5+35),LF-VAS-006,3253,"< 50,000"
PK-P-18518,Estella 18M Plate Panni (245x235+35),LF-VAS-006,348,"< 50,000"
PK-P-18902,Posh 2M Plate Panni,LF-VAS-006,600,"< 50,000"
PK-P-18910,Posh 10M Plate Panni,LF-VAS-006,1200,"< 50,000"
PK-P-21001,Teron Switch Printed Panni,LF-HAR-E57,223920,"> 200,000"
PK-P-21036,Teron Socket Printed Panni,LF-HAR-E57,318000,"> 200,000"
PK-P-21304,Teron 4M Plate Panni,LF-HAR-E57,9000,"< 50,000"
PK-P-21306,Teron 6M Plate Panni,LF-HAR-E57,4910,"< 50,000"
PK-P-21308,Teron 8M Hor Plate Panni,LF-HAR-E57,5000,"< 50,000"
PK-P-21309,Teron 8M Sq Plate Panni,LF-HAR-E57,3600,"< 50,000"
PK-P-21312,Teron 12M Plate Panni,LF-HAR-E57,18060,"< 50,000"
PK-P-21316,Teron 16M Plate Panni,LF-HAR-E57,11000,"< 50,000"
PK-P-21318,Teron 18M Plate Panni,LF-HAR-E57,2940,"< 50,000"
PK-P-2556,No Description,LF-DEL-01,3000,"< 50,000"
PK-P-4346,Common Panni (6x8.5) For Lite 3*1,LF-HAR-E57,50600,"50,000 - 200,000"
PK-P-6075,Wire 0.75mm Pouch (180Mtr),LF-HAR-E57,16841,"< 50,000"
PK-P-6100,Wire 1mm Pouch (180Mtr),LF-HAR-E57,16385,"< 50,000"
PK-P-6150,Wire 1.5mm Pouch (180Mtr),LF-HAR-E57,13544,"< 50,000"
PK-P-6250,Wire 2.5mm Pouch (180Mtr),LF-HAR-E57,13790,"< 50,000"
PK-P-6400,Wire 4mm Pouch (180Mtr),LF-HAR-E57,9033,"< 50,000"
PK-P-6600,Wire 6mm Pouch (180Mtr),LF-HAR-E57,6890,"< 50,000"
PK-P-6802,Gang Box 2M Panni,LF-HAR-E57,34854,"< 50,000"
PK-P-6802,No Description,LF-HAR-E57,19200,"< 50,000"
PK-P-6803,Gang Box 3M Panni,LF-HAR-E57,15360,"< 50,000"
PK-P-6804,Gang Box 4M Panni,LF-HAR-E57,11000,"< 50,000"
PK-P-6806,Gang Box 6M Panni,LF-HAR-E57,4470,"< 50,000"
PK-P-6806,No Description,LF-HAR-E57,11500,"< 50,000"
PK-P-6808,Gang Box 8H Panni (Size 7x14),LF-HAR-E57,12080,"< 50,000"
PK-P-6809,Gang Box 8Sq Panni,LF-HAR-E57,42380,"< 50,000"
PK-P-6812,Gang Box 12M Panni,LF-HAR-E57,7200,"< 50,000"
PK-P-6812,No Description,LF-HAR-E57,9100,"< 50,000"
PK-P-6818,Gang Box 18M Panni,LF-HAR-E57,9600,"< 50,000"
PK-P-9251,No Description,LF-HAR-E57,205301,"> 200,000"
PK-P-9251,Status 6A Switch Printed Panni (71 x 110),LF-AND-28,227860,"> 200,000"
PK-P-9316,No Description,LF-HAR-E57,311240,"> 200,000"
PK-P-9316,Status 6A Socket Printed Panni (101 x 120),LF-AND-28,193160,"50,000 - 200,000"
PK-P-9326,Status Indicator Printed Panni,LF-HAR-E57,18660,"< 50,000"
PK-P-9356,No Description,LF-HAR-E57,114600,"50,000 - 200,000"
PK-P-9376,No Description,LF-HAR-E57,105600,"50,000 - 200,000"
PK-P-9386,No Description,LF-HAR-E57,16800,"< 50,000"
PK-P-9506,Status 16A Socket Printed Panni (101 x 120),LF-HAR-E57,20713,"< 50,000"
PK-P-9506 MUM,No Description,LF-AND-28,84819,"50,000 - 200,000"
PK-P-9506 MUM,Status 16A Socket Printed Panni (125 x 130),LF-AND-28,5991,"< 50,000"
PK-P-9601,No Description,LF-HAR-E57,435000,"> 200,000"
PK-P-9601,No Description,LF-VAS-006,222569,"> 200,000"
PK-PL-10306,Solo 6M Plain Panni,LF-HAR-E57,1940,"< 50,000"
PK-PL-10312,Solo 12M Plain Panni,LF-HAR-E57,22000,"< 50,000"
PK-PL-21001,Teron Switch Plain Panni,LF-HAR-E57,12100,"< 50,000"
PK-PL-21036,No Description,LF-SIL-017,50000,"< 50,000"
PK-PL-9251,No Description,LF-AND-28,57782,"50,000 - 200,000"
PK-PL-9251,No Description,LF-HAR-E57,172800,"50,000 - 200,000"
PK-PL-9251,Status Switch Plain Panni (71 x 110),LF-AND-28,67218,"50,000 - 200,000"
PK-PL-9316,No Description,LF-AND-28,223892,"> 200,000"
PK-PL-9316,Status Socket Plain Panni (101 x 120),LF-AND-28,42293,"< 50,000"
PK-PL-9316,Status Socket Plain Panni (101 x 120),LF-VAS-006,2,"< 50,000"
PK-PL-9381,No Description,LF-HAR-E57,215930,"> 200,000"
PKT-3221,Packing - Silver Remote Bell,LF-PAL-A03,3600,"< 50,000"
PKT-3261,Packing - Trico Remote Bell,LF-PAL-A03,4000,"< 50,000"
